ID,TIMESTAMP,CONDITION,TRIAL,Q1ANS,Q2ANS,P1SCORE,P2SCORE,GAZE_FOCUS,BrowLowererL,BrowLowererR,CheekPuffL,CheekPuffR,CheekRaiserL,CheekRaiserR,CheekSuckL,CheekSuckR,ChinRaiserB,ChinRaiserT,DimplerL,DimplerR,EyesClosedL,EyesClosedR,EyesLookDownL,EyesLookDownR,EyesLookLeftL,EyesLookLeftR,EyesLookRightL,EyesLookRightR,EyesLookUpL,EyesLookUpR,InnerBrowRaiserL,InnerBrowRaiserR,JawDrop,JawSidewaysLeft,JawSidewaysRight,JawThrust,LidTightenerL,LidTightenerR,LipCornerDepressorL,LipCornerDepressorR,LipCornerPullerL,LipCornerPullerR,LipFunnelerLB,LipFunnelerLT,LipFunnelerRB,LipFunnelerRT,LipPressorL,LipPressorR,LipPuckerL,LipPuckerR,LipStretcherL,LipStretcherR,LipSuckLB,LipSuckLT,LipSuckRB,LipSuckRT,LipTightenerL,LipTightenerR,LipsToward,LowerLipDepressorL,LowerLipDepressorR,MouthLeft,MouthRight,NoseWrinklerL,NoseWrinklerR,OuterBrowRaiserL,OuterBrowRaiserR,UpperLidRaiserL,UpperLidRaiserR,UpperLipRaiserL,UpperLipRaiserR,Max,Invalid,HeartRate,GSR,GSR_CONDUCTANCE
t,2024-19-02-14-19:26:2543,1,-1,-1,-1,71,71,TaskSelf_ETC,0.009185906,0.0036274,0,0,0.2705774,0.2851497,0,0,0.001249674,0.03145936,0.02726768,0.03806613,0.0654432,0.000199832,0.1732095,0.1090929,0,0,0.2322472,0.1412737,0,0,4.615066E-06,1.84113E-06,0.01086552,0,1.486465E-08,0.007224549,0.1941826,0.4749516,0.01086564,0.0002746233,0.2912482,0.3155652,0,1.432688E-41,0,0,5.165885E-19,5.165885E-19,2.367094E-08,2.367133E-08,0.01683729,0.01585027,0.07575523,0.1261494,0.05410399,0.104,0,0,0.01901488,1.601388E-16,1.093938E-16,0.01086364,9.536984E-38,0.0001644629,0.0001629941,0,2.913649E-24,0,0,0.1709762,0.1666602,_,_,0,_,_
t,2024-19-02-14-19:26:3180,1,-1,-1,-1,71,71,TaskSelf_Hand,0.00640916,0.003399544,0,0,0.2689708,0.2901858,0,0,0.003626057,0.03121323,0.02721202,0.03804686,0.101894,6.948411E-05,0.1844136,0.08421697,0,0,0.2329358,0.1418135,0,0,3.154803E-06,1.258634E-06,0.01086558,0,7.375482E-09,0.009572072,0.1492058,0.4867066,0.01086564,0.0001270834,0.2831871,0.2982256,0,7.117195E-42,0,0,2.56594E-19,2.56594E-19,1.175441E-08,1.175461E-08,0.02411069,0.02437549,0.07591923,0.1392691,0.04471337,0.1126518,0,0,0.01901488,7.95423E-17,5.433683E-17,0.01086465,4.737103E-38,7.715338E-05,7.846786E-05,0,1.991886E-24,0,0,0.1779771,0.163006,_,_,0,_,_
t,2024-19-02-14-19:26:3572,1,-1,-1,-1,71,71,TaskSelf_Hand,0.006322471,0.002692308,0,0,0.2717819,0.2945157,0,0,0.007183202,0.03436426,0.02719698,0.03804157,0.09249742,6.67572E-05,0.1751042,0.08393794,0,0,0.2146749,0.123111,0,0,2.608404E-06,1.040662E-06,0.0108656,0,5.195996E-09,0.004801637,0.213092,0.4907771,0.01086564,8.721311E-05,0.2801003,0.2984596,0,5.016649E-42,0,0,1.80842E-19,1.80842E-19,8.283431E-09,8.283568E-09,0.02540285,0.02566892,0.07596338,0.1359356,0.04882075,0.108356,0,0,0.01901488,5.605972E-17,3.829544E-17,0.01086495,3.33861E-38,5.322152E-05,5.465775E-05,0,1.646946E-24,0,0,0.1814983,0.1655022,_,_,0,_,_
t,2024-19-02-14-19:26:3974,1,-1,-1,-1,71,71,TaskSelf_Hand,0.004854681,0.003748741,0,0,0.2973107,0.2982436,0,0,0.002464002,0.0318354,0.02717979,0.03803544,0.07766989,0.0001947433,0.1861013,0.1100995,0,0,0.1204818,0.02820351,0,0,1.783146E-06,7.114322E-07,0.01086562,0,2.579366E-09,0.008734026,0.1789672,0.4921701,0.01086564,4.160766E-05,0.2838127,0.2957819,0,2.491509E-42,0,0,8.982701E-20,8.982701E-20,4.113884E-09,4.113952E-09,0.02652221,0.02667897,0.07019416,0.1447106,0.05234299,0.1171174,0,0,0.01901488,2.784572E-17,1.902193E-17,0.0108653,1.658339E-38,2.559061E-05,2.667202E-05,0,1.125927E-24,0,0,0.1838507,0.1648999,_,_,0,_,_
t,2024-19-02-14-19:26:4668,1,-1,-1,-1,71,71,TaskSelf_Hand,0.003014201,0.003528125,0,0,0.2911622,0.2986096,0,0,0.006206539,0.02865284,0.02717168,0.03803252,0.06019987,0.0002028123,0.1709362,0.1118788,0,0.01571929,0.0769783,0,0,0,1.219002E-06,4.863614E-07,0.01086563,0,1.280677E-09,0.007099415,0.1909422,0.4923099,0.01086564,2.010328E-05,0.2931264,0.3168685,0,1.237347E-42,0,0,4.461839E-20,4.461839E-20,2.043215E-09,2.043248E-09,0.02690741,0.02698572,0.07365312,0.1345932,0.05354056,0.1103513,0,0,0.01901488,1.383138E-17,9.448471E-18,0.004969647,8.237211E-39,1.243121E-05,1.308848E-05,0,7.697335E-25,0,0,0.171845,0.1598346,_,_,0,_,_
t,2024-19-02-14-19:26:5140,1,-1,-1,-1,71,71,TaskSelf_Hand,0.002403482,0.002824707,0,0,0.245015,0.2603366,0,0,0.00365154,0.02804871,0.02716939,0.03803169,0.4072632,0.6785179,0.4217845,0.1944654,0,0.01661284,0.07635438,0,0,0,1.007895E-06,4.021358E-07,0.01086564,0,9.024565E-10,0.008605029,0.01302988,0.1982522,0.01086564,1.402223E-05,0.2704891,0.2887431,0,8.716076E-43,0,0,3.144618E-20,3.144618E-20,1.439963E-09,1.439986E-09,0.01741346,0.02705201,0.0692593,0.1328067,0.04437298,0.1067967,0,0,0.01901488,9.748086E-18,6.659099E-18,0.007068616,5.805427E-39,8.688445E-06,9.182647E-06,0,6.364376E-25,0,0,0.1539098,0.1385196,_,_,0,_,_
t,2024-19-02-14-19:26:5531,1,-1,-1,-1,71,71,TaskSelf_Hand,0.002680002,0.02016503,0,0,0.2342733,0.2527533,0,0,0.004114744,0.02750193,0.02716669,0.0380307,0.9997462,0.9998647,0.0002666581,8.236866E-05,0,0.03438099,0.05818539,0,0,0,6.89029E-07,2.749157E-07,0.01086564,0,4.481568E-10,0.009988562,0.0001006958,0.01219436,0.01086564,6.856644E-06,0.2289221,0.2564973,0,4.330012E-43,0,0,1.561973E-20,1.561973E-20,7.152063E-10,7.15218E-10,0.012223,0.0138219,0.05922749,0.1246358,0.03934894,0.0972982,0,0,0.01901488,4.842001E-18,3.307661E-18,0.009222173,2.883631E-39,4.261533E-06,4.529898E-06,0,4.350963E-25,0,0,0.1318411,0.1208535,_,_,0,_,_
t,2024-19-02-14-19:26:6225,1,-1,-1,-1,71,71,TaskSelf_Hand,0.05385394,0.07076267,0,0,0.269336,0.2736304,0,0,0.004140988,0.02730379,0.02716538,0.03803022,0.08767137,0.06327417,0.4101136,0.4005408,0,0,0.12279,0.02986344,0,0,4.710416E-07,1.879422E-07,0.007065708,0,0.00380001,0.01049889,0.04387094,0.3804482,0.01086564,3.36938E-06,0.2573378,0.2824091,0,2.158E-43,0,0,7.758436E-21,7.758436E-21,3.552341E-10,3.552399E-10,0.01122239,0.01506994,0.06297272,0.1247171,0.03837733,0.1112419,0,0,0.01901488,2.405058E-18,1.64294E-18,0.0101234,1.432322E-39,2.09853E-06,2.23948E-06,0,2.974487E-25,0,0,0.1460381,0.1360265,_,_,0,_,_
t,2024-19-02-14-19:26:6637,1,-1,-1,-1,71,71,TaskSelf_Hand,0.04115358,0.05021124,0,0,0.2734212,0.2809896,0,0,0.002417881,0.02725595,0.027165,0.03803008,0.1165717,0.00163947,0.2928474,0.1876099,0,0,0.1436655,0.05081366,0,0,3.894694E-07,1.553959E-07,0.00838042,0,0.002485297,0.01062347,0.1486645,0.5287406,0.01086564,0.005886663,0.2589934,0.2843615,0,1.527415E-43,0,0,5.468005E-21,5.468005E-21,2.503588E-10,2.503629E-10,0.01982831,0.02091203,0.06958905,0.1265981,0.04699431,0.1158262,0,0,0.01901488,1.695041E-18,1.157914E-18,0.01036093,1.009474E-39,1.47423E-06,1.57557E-06,0,2.459393E-25,0,0,0.1734302,0.1481543,_,_,0,_,_
t,2024-19-02-14-19:26:7030,1,-1,-1,-1,71,71,TaskSelf_Hand,0.04398388,0.05999623,0,0,0.275245,0.292247,0,0,0.001454987,0.0272252,0.02716473,0.03802999,0.1125525,0.0002224296,0.2240189,0.1149561,0,0,0.1434159,0.05063865,0,0,3.220228E-07,1.284854E-07,0.009219742,0,0.001645964,0.01070396,0.1633997,0.5118545,0.01086564,0.003781531,0.2780207,0.2918696,0,1.079E-43,0,0,3.853733E-21,3.853733E-21,1.764454E-10,1.764483E-10,0.0235726,0.02377573,0.07268599,0.1278323,0.04263537,0.1098834,0,0,0.01901488,1.194629E-18,8.160733E-19,0.01052035,7.11456E-40,1.036231E-06,1.108813E-06,0,2.033493E-25,0,0,0.1710192,0.1476872,_,_,0,_,_
t,2024-19-02-14-19:26:7447,1,-1,-1,-1,71,71,TaskSelf_Hand,0.03360359,0.04237468,0,0,0.2761099,0.2961733,0,0,0.0008982965,0.03292746,0.02716455,0.03802992,0.1053417,7.002056E-05,0.1887218,0.08516831,0,0,0.1009006,0.008727263,0,0,2.662569E-07,1.062353E-07,0.009764097,0,0.001101596,0.0107567,0.1657933,0.4943486,0.01086564,0.002467044,0.2842087,0.2952803,0,7.567012E-44,0,0,2.716038E-21,2.716038E-21,1.243541E-10,1.243561E-10,0.02530758,0.02525121,0.07421764,0.1286515,0.04885246,0.1151009,0,0,0.01901488,8.419517E-19,5.751528E-19,0.01062821,5.01421E-40,7.287018E-07,7.805304E-07,0,1.681351E-25,0,0,0.1698324,0.1613092,_,_,0,_,_
t,2024-19-02-14-19:26:8070,1,-1,-1,-1,71,71,TaskSelf_Hand,0.03839118,0.06480765,0,0,0.2767696,0.298275,0,0,0.0003641976,0.0294351,0.02716433,0.04798533,0.001112014,0.01008549,0.1711264,0.1798431,0.01357705,0.1066501,0,0,0,0,1.820225E-07,7.262637E-08,0.01035984,0,0.0005058268,0.01081511,0.1751157,0.5102373,0.01086564,0.006487657,0.2833085,0.2928966,0,3.783506E-44,0,0,1.349073E-21,1.349073E-21,6.17665E-11,6.176751E-11,0.02659615,0.02649028,0.07034771,0.1262278,0.04093508,0.1065264,0,0,0.01901488,4.182028E-19,2.856821E-19,0.01075203,2.490598E-40,3.607431E-07,3.869902E-07,0,1.149435E-25,0,0,0.1680592,0.1586527,_,_,0,_,_
t,2024-19-02-14-19:26:8457,1,-1,-1,-1,71,71,TaskSelf_Hand,0.04170099,0.06201611,0,0,0.3063492,0.3189518,0,0,0.0002376651,0.02862994,0.03305728,0.05165218,0.0004941523,0.01140542,0.1412187,0.1519556,0.0333173,0.1267034,0,0,0,0,1.505015E-07,6.004965E-08,0.01051955,0,0.000346118,0.01083093,0.1619179,0.5345312,0.01086564,0.008665491,0.3074859,0.3322654,0,2.662467E-44,0,0,9.508043E-22,9.508043E-22,4.353175E-11,4.353246E-11,0.02683203,0.02674768,0.07286002,0.1277192,0.04820856,0.1136518,0,0,0.01901488,2.947423E-19,2.01344E-19,0.01078668,1.755337E-40,2.539279E-07,2.725587E-07,0,9.503878E-26,0,0,0.1681969,0.1530982,_,_,0,_,_
t,2024-19-02-14-19:26:8859,1,-1,-1,-1,71,71,TaskSelf_Hand,0.02398887,0.05742409,0,0,0.2913406,0.3069479,0,0,0.0001049848,0.02780079,0.02964235,0.0424629,0.007181808,0.0003549755,0.1377749,0.131027,0.03353713,0.1273985,0,0,0,0,1.028896E-07,4.105269E-08,0.01070126,0,0.0001643922,0.01084906,0.1624839,0.5375468,0.01086564,0.005399104,0.2969716,0.3212171,0,1.261169E-44,0,0,4.722807E-22,4.722807E-22,2.162277E-11,2.162312E-11,0.02704047,0.02699501,0.07494635,0.1215424,0.04454241,0.1062029,0,0,0.01901488,1.464035E-19,1.00011E-19,0.01082724,8.719019E-41,1.258921E-07,1.352455E-07,0,6.497293E-26,0,0,0.1627922,0.1512158,_,_,0,_,_
t,2024-19-02-14-19:26:9528,1,-1,-1,-1,71,71,TaskSelf_Hand,0.01923711,0.05107341,0,0,0.2897403,0.3041124,0,0,7.078904E-05,0.02759066,0.0340265,0.04921685,0.0003162771,0.05358575,0.1264412,0.1787225,0,0.08714391,0.006291263,0,0,0,8.507151E-08,3.394335E-08,0.01075172,0,0.000113928,0.01085412,0.1650346,0.5177242,0.01086564,0.003118099,0.2937563,0.3181857,0,8.407791E-45,0,0,3.328514E-22,3.328514E-22,1.523913E-11,1.523937E-11,0.02708604,0.0270537,0.0753749,0.1253075,0.04956299,0.1049187,0,0,0.01901488,1.031815E-19,7.048518E-20,0.01083879,6.144974E-41,8.866282E-08,9.528089E-08,0,5.372119E-26,0,0,0.1650451,0.1492283,_,_,0,_,_
t,2024-19-02-14-19:26:9940,1,-1,-1,-1,71,71,TaskSelf_Hand,0.02234543,0.05092798,0,0,0.2952859,0.3023099,0,0,4.809212E-05,0.02745235,0.03137874,0.04415822,0.0001582131,0.04799423,0.1065444,0.1538347,0,0.08530563,0.008132566,0,0,0,7.03393E-08,2.806524E-08,0.01078646,0,7.918395E-05,0.01085762,0.1514889,0.5126346,0.01086564,0.006849014,0.2966082,0.316738,0,5.605194E-45,0,0,2.345861E-22,2.345861E-22,1.074016E-11,1.074033E-11,0.02711391,0.02709108,0.07024363,0.1225339,0.04366444,0.1042214,0,0,0.01901488,7.271995E-20,4.967635E-20,0.01084684,4.330853E-41,6.245099E-08,6.713044E-08,0,4.441809E-26,0,0,0.166342,0.1531415,_,_,0,_,_
t,2024-19-02-14-19:27:0302,1,-1,-1,-1,71,71,TaskSelf_Hand,0.01358253,0.04317765,0,0,0.2671189,0.274603,0,0,2.259389E-05,0.02729843,0.03400953,0.05215568,0.0003276169,0.01442282,0.1285258,0.1424501,0,0.08699659,0.006942662,0,0,0,4.808685E-08,1.918657E-08,0.01082713,0,3.851194E-05,0.00499187,0.1424851,0.5364299,0.01086564,0.002274174,0.2740552,0.2915661,0,2.802597E-45,0,0,1.165216E-22,1.165216E-22,5.33474E-12,5.334826E-12,0.02714243,0.02713118,0.06663877,0.1253862,0.04807737,0.103599,0,0,0.01901488,3.612085E-20,2.467482E-20,0.0108564,2.151273E-41,3.099274E-08,3.332845E-08,0,3.036608E-26,0,0,0.1598294,0.1536636,_,_,0,_,_
t,2024-19-02-14-19:27:0663,1,-1,-1,-1,71,71,TaskSelf_Hand,0.02555083,0.04471759,0,0,0.2631308,0.275976,0,0,1.559418E-05,0.02725653,0.03126248,0.05322937,0.07107244,0.0003944635,0.2018655,0.1329892,0,0.06116857,0.03206402,0,0,0,3.975964E-08,1.586404E-08,0.01083872,0,2.692921E-05,0.007104503,0.174559,0.5372993,0.01086564,0.001373321,0.2652614,0.2815512,0,1.401298E-45,0,0,8.212248E-23,8.212248E-23,3.759829E-12,3.75989E-12,0.01739055,0.02714173,0.06601648,0.1275628,0.04312122,0.1034616,0,0,0.01901488,2.545737E-20,1.73904E-20,0.01085915,1.516205E-41,2.183594E-08,2.348511E-08,0,2.510759E-26,0,0,0.1587979,0.1505357,_,_,0,_,_
t,2024-19-02-14-19:27:1232,1,-1,-1,-1,71,71,TaskSelf_Hand,0.01927236,0.03211483,0,0,0.2611914,0.2705664,0,0,7.504354E-06,0.02720838,0.02874785,0.04520528,0.1313108,7.478148E-05,0.2166463,0.08828305,0,0,0.1396811,0.04651226,0,0,2.718141E-08,1.084535E-08,0.01085243,0,1.321746E-05,0.004028549,0.08771514,0.5097885,0.01086564,0.0005378937,0.2633058,0.2749112,0,1.401298E-45,0,0,4.079135E-23,4.079135E-23,1.867554E-12,1.867584E-12,0.02361394,0.02715359,0.06833651,0.1293919,0.03953807,0.1033242,0,0,0.01901488,1.264502E-20,8.638048E-21,0.01086244,7.531979E-42,1.084079E-08,1.16622E-08,0,1.716465E-26,0,0,0.1579694,0.1479935,_,_,0,_,_
t,2024-19-02-14-19:27:1633,1,-1,-1,-1,71,71,TaskSelf_Hand,0.01927236,0.03211483,0,0,0.2611914,0.2705664,0,0,7.504354E-06,0.02720838,0.02874785,0.04520528,0.1313108,7.478148E-05,0.2166463,0.08828305,0,0,0.1396811,0.04651226,0,0,2.718141E-08,1.084535E-08,0.01085243,0,1.321746E-05,0.004028549,0.08771514,0.5097885,0.01086564,0.0005378937,0.2633058,0.2749112,0,1.401298E-45,0,0,4.079135E-23,4.079135E-23,1.867554E-12,1.867584E-12,0.02361394,0.02715359,0.06833651,0.1293919,0.03953807,0.1033242,0,0,0.01901488,1.264502E-20,8.638048E-21,0.01086244,7.531979E-42,1.084079E-08,1.16622E-08,0,1.716465E-26,0,0,0.1579694,0.1479935,_,_,0,_,_
t,2024-19-02-14-19:27:2111,1,-1,-1,-1,71,71,TaskSelf_Hand,0.02587516,0.04308257,0,0,0.268924,0.2880668,0,0,3.647485E-06,0.02718556,0.03095414,0.05177134,0.1467346,0.000254795,0.2611044,0.1207153,0,0,0.1454369,0.05170466,0,0,1.858243E-08,7.414367E-09,0.01085913,0,6.511928E-06,0.003321442,0.1481006,0.5227804,0.01086564,0.005799904,0.2639874,0.2871785,0,1.401298E-45,0,0,2.026169E-23,2.026169E-23,9.276412E-13,9.276564E-13,0.02574776,0.02715908,0.06895445,0.1299989,0.0432216,0.1032683,0,0,0.01901488,6.280976E-21,4.290651E-21,0.01086406,3.741467E-42,5.38295E-09,5.791721E-09,0,1.173453E-26,0,0,0.1655509,0.1549508,_,_,0,_,_
t,2024-19-02-14-19:27:2603,1,-1,-1,-1,71,71,TaskSelf_Hand,0.01857701,0.02801161,0,0,0.2221228,0.259689,0,0,0.005873456,0.02717908,0.02949488,0.04422124,0.9692695,0.9679685,0.01786586,0.01974788,0,0,0.1412766,0.05022757,0,0,1.536438E-08,6.130369E-09,0.01086107,0,0.005891337,0.006423056,0.01344393,0.01388714,0.01086564,0.003528773,0.2409096,0.2584304,0,1.401298E-45,0,0,1.427989E-23,1.427989E-23,6.537758E-13,6.537864E-13,0.0169435,0.02716061,0.06017144,0.124629,0.04091692,0.09721011,0,0,0.01798461,4.42666E-21,3.023934E-21,0.01086453,2.637244E-42,3.793271E-09,4.081563E-09,0,9.702377E-27,0,0,0.1397865,0.1386668,_,_,0,_,_
t,2024-19-02-14-19:27:3201,1,-1,-1,-1,71,71,TaskSelf_ETC,0.03996899,0.04095803,0,0,0.2158288,0.2242017,0,0,0.007432558,0.02717144,0.02810336,0.03954317,0.9675386,0.9999875,0.03097977,6.030502E-06,0,0.08619779,0.002177418,0,0,0,1.050379E-08,4.191E-09,0.01086338,0,0.002472309,0.009192842,0.0001801136,0.02929236,0.01086564,0.001398459,0.2237832,0.2505513,0,1.401298E-45,0,0,7.093049E-24,7.093049E-24,3.247406E-13,3.24746E-13,0.01212682,0.02716241,0.04927121,0.1209426,0.03455642,0.09351868,0,0,0.01706812,2.198793E-21,1.502037E-21,0.007070709,1.310214E-42,1.883815E-09,2.027165E-09,0,6.632989E-27,0,0,0.1283232,0.1281079,_,_,0,_,_
t,2024-19-02-14-19:27:3608,1,-1,-1,-1,71,71,TaskSelf_Hand,0.0925573,0.0734208,0,0,0.2432392,0.256294,0,0,0.004505951,0.02716925,0.0277756,0.03883846,0.4254043,0.344461,0.3259381,0.3868886,0,0.02670688,0.06531835,0,0,0,8.684806E-09,3.465227E-09,0.01086405,0,0.001634773,0.009804718,0.02406176,0.2019983,0.01086564,0.0009046233,0.2300065,0.2501175,0,1.401298E-45,0,0,4.999018E-24,4.999018E-24,2.288697E-13,2.288734E-13,0.01149594,0.02716292,0.05604067,0.1203217,0.03574959,0.09757598,0,0,0.01771413,1.549659E-21,1.058601E-21,0.00838542,9.234557E-43,1.327574E-09,1.428643E-09,0,5.484328E-27,0,0,0.1341845,0.1364029,_,_,0,_,_
t,2024-19-02-14-19:27:3980,1,-1,-1,-1,71,71,TaskSelf_Hand,0.09456531,0.07474766,0,0,0.2472411,0.269105,0,0,0.001775711,0.02716664,0.02743325,0.03407523,0.1474176,0.003315136,0.3395674,0.2177958,0,0,0.1286357,0.0367402,0,0,5.937286E-09,2.36897E-09,0.01086485,0,0.0007369034,0.01041717,0.1243975,0.492286,0.01086564,0.00371133,0.2326563,0.2386927,0,1.401298E-45,0,0,2.483062E-24,2.483062E-24,1.136818E-13,1.136836E-13,0.01104823,0.01722263,0.05956221,0.1124611,0.03701325,0.09381244,0,0,0.01841911,7.697308E-22,5.258175E-22,0.002022851,4.582246E-43,6.59347E-10,7.095791E-10,0,3.74931E-27,0,0,0.1407939,0.1316561,_,_,0,_,_
t,2024-19-02-14-19:27:4693,1,-1,-1,-1,71,71,TaskSelf_Hand,0.06908341,0.05929974,0,0,0.2552685,0.2753494,0,0,0.0007507785,0.02716536,0.02728709,0.04260115,0.1512133,0.0002236143,0.2543558,0.1103896,0,0,0.1151093,0.02427683,0,0,4.058988E-09,1.619531E-09,0.01086525,0,0.0003423575,0.007236098,0.1655145,0.537329,0.01086564,0.001477511,0.231513,0.25899,0,1.401298E-45,0,0,1.233371E-24,1.233371E-24,5.646726E-14,5.646819E-14,0.01568562,0.02331474,0.06320981,0.1161764,0.03756112,0.09283626,0,0,0.01873501,3.823358E-22,2.611807E-22,0.007799174,2.270104E-43,3.274822E-10,3.524433E-10,0,2.563192E-27,0,0,0.1538835,0.1421262,_,_,0,_,_
t,2024-19-02-14-19:27:5161,1,-1,-1,-1,71,71,TaskSelf_ETC,0.06543394,0.0577072,0,0,0.2581988,0.276197,0,0,0.0004978632,0.02716499,0.02724811,0.04924478,0.1381002,0.000201501,0.2400738,0.1075839,0,0.003658344,0.0872347,0,0,0,3.356079E-09,1.339071E-09,0.01086537,0,0.0002352982,0.003588743,0.223395,0.5375806,0.01086564,0.0009574369,0.2404188,0.2596482,0,1.401298E-45,0,0,8.69252E-25,8.69252E-25,3.979686E-14,3.979751E-14,0.0219027,0.02469624,0.06396765,0.1172055,0.0377086,0.09788018,0,0,0.01882173,2.694617E-22,1.840743E-22,0.008982129,1.59748E-43,2.307957E-10,2.483904E-10,0,2.119315E-27,0,0,0.1556687,0.1441495,_,_,0,_,_
t,2024-19-02-14-19:27:5558,1,-1,-1,-1,71,71,TaskSelf_Hand,0.06025299,0.05533315,0,0,0.2532378,0.2768127,0,0,0.0002254093,0.02716454,0.02720389,0.0414883,0.1597782,0.0003237352,0.2744839,0.1238714,0,0.004025217,0.08793155,0,0,0,2.294362E-09,9.154478E-10,0.01086551,0,0.0001125101,0.0010267,0.2319392,0.5345664,0.01086564,0.0004183914,0.2310666,0.2454324,0,1.401298E-45,0,0,4.317695E-25,4.317695E-25,1.976764E-14,1.976797E-14,0.02584108,0.02610332,0.0646959,0.1184018,0.03787687,0.09421587,0,0,0.01892193,1.338454E-22,9.143226E-23,0.01010807,7.847271E-44,1.146346E-10,1.233761E-10,0,1.448857E-27,0,0,0.1569821,0.1412504,_,_,0,_,_
t,2024-19-02-14-19:27:6256,1,-1,-1,-1,71,71,TaskSelf_Hand,0.02351308,0.0219556,0,0,0.2067866,0.2561347,0,0,0.005873269,0.02716433,0.01716242,0.03248368,0.9837939,0.9859002,0.0115499,0.008434916,0,2.24057E-05,0.0919273,0,0,0,1.568523E-09,6.258388E-10,0.01086558,0,5.444512E-05,0.007868925,0.001637938,0.009130976,0.01086564,0.0001902252,0.2054633,0.2205542,0,1.401298E-45,0,0,2.144651E-25,2.144651E-25,9.818823E-15,9.818985E-15,0.01433695,0.02668734,0.04486853,0.1092298,0.03204104,0.09305935,0,0,0.0160665,6.648258E-23,4.541549E-23,0.002496871,3.783506E-44,5.693871E-11,6.128142E-11,0,9.904998E-28,0,0,0.1282707,0.1251182,_,_,0,_,_
t,2024-19-02-14-19:27:6638,1,-1,-1,-1,71,71,TaskSelf_Hand,0.01564761,0.01704434,0,0,0.2104787,0.230081,0,0,0.008393967,0.02716426,0.020917,0.0342859,0.9996079,0.9996893,0.0002692736,0.0001706266,0,0,0.09696012,0.007016891,0,0,1.2969E-09,5.174614E-10,0.0108656,0,3.799821E-05,0.009116622,0.0001762281,0.0003416613,0.01086564,0.0001296769,0.1980092,0.214015,0,1.401298E-45,0,0,1.511508E-25,1.511508E-25,6.920116E-15,6.92023E-15,0.01268102,0.02684051,0.04865579,0.1057454,0.02952028,0.08229148,0,0,0.01614437,4.685564E-23,3.200796E-23,0.006063788,2.662467E-44,4.012887E-11,4.318971E-11,0,8.189735E-28,0,0,0.1221507,0.1216885,_,_,0,_,_
t,2024-19-02-14-19:27:7160,1,-1,-1,-1,71,71,TaskSelf_ETC,0.09394565,0.09456119,0,0,0.2325882,0.2404138,0,0,0.004965475,0.02716422,0.02318372,0.03548388,0.850894,0.9501337,0.1494379,0.02745787,0,0,0.09696012,0.007016891,0,0,1.072313E-09,4.278516E-10,0.01086561,0,2.656439E-05,0.004689957,2.222122E-05,0.1280913,0.01086564,0.005866671,0.2081105,0.2241357,0,1.401298E-45,0,0,1.065281E-25,1.065281E-25,4.877159E-15,4.877239E-15,0.01185942,0.02694306,0.0508366,0.1043621,0.03286969,0.08559875,0,0,0.01715033,3.302292E-23,2.255857E-23,0.008018794,1.821688E-44,2.828177E-11,3.043909E-11,0,6.771502E-28,0,0,0.1327561,0.1361715,_,_,0,_,_
t,2024-19-02-14-19:27:7868,1,-1,-1,-1,71,71,TaskSelf_ETC,0.09936252,0.1261635,0,0,0.2514545,0.2517108,0,0,0.006946835,0.02716416,0.02546947,0.03683197,0.08067891,0.007708669,0.3167901,0.256902,0,0,0.1352592,0.0446674,0,0,7.330779E-10,2.924972E-10,0.01086563,0,1.303426E-05,0.00878804,0.2396062,0.545929,0.01086564,0.00957569,0.2004674,0.2130397,0,1.401298E-45,0,0,5.291368E-26,5.291368E-26,2.422539E-15,2.422579E-15,0.02030227,0.02705939,0.05881148,0.1035028,0.03334461,0.08923876,0,0,0.01819709,1.640285E-23,1.120509E-23,0.009782301,8.407791E-45,1.404768E-11,1.511933E-11,0,4.629281E-28,0,0,0.141735,0.1322815,_,_,0,_,_
t,2024-19-02-14-19:27:8324,1,-1,-1,-1,71,71,TaskSelf_ETC,0.04876266,0.07115726,0,0,0.2415841,0.2582789,0,0,0.002459934,0.02716414,0.02640752,0.04376229,0.123592,0.0003423095,0.2437276,0.1255662,0,0,0.1755352,0.08386987,0,0,5.011654E-10,1.999644E-10,0.01086564,0,6.42031E-06,0.007201608,0.201206,0.5545102,0.01086564,0.00797425,0.2077387,0.2230142,0,1.401298E-45,0,0,2.628307E-26,2.628307E-26,1.203314E-15,1.203333E-15,0.01374159,0.02711376,0.06341188,0.1157465,0.0362838,0.09537718,0,0,0.01864211,8.147557E-24,5.565747E-24,0.004934464,4.203895E-45,6.977642E-12,7.509973E-12,0,3.164788E-28,0,0,0.1496065,0.1359329,_,_,0,_,_
t,2024-19-02-14-19:27:8722,1,-1,-1,-1,71,71,TaskSelf_Hand,0.04904928,0.06604218,0,0,0.2295046,0.2591779,0,0,0.001523356,0.02716413,0.02665189,0.04160388,0.1234659,0.0001801103,0.227829,0.1082468,0,0,0.1767547,0.08456498,0,0,4.143774E-10,1.653361E-10,0.01086564,0,4.510729E-06,0.003748818,0.2023409,0.5724031,0.01086564,0.004440725,0.2096776,0.222874,0,1.401298E-45,0,0,1.852376E-26,1.852376E-26,8.480705E-16,8.480845E-16,0.01254457,0.02712905,0.06418923,0.1175342,0.03692687,0.0943685,0,0,0.01876051,5.742229E-24,3.922623E-24,0.002529492,2.802597E-45,4.917681E-12,5.292863E-12,0,2.616734E-28,0,0,0.1539561,0.1418818,_,_,0,_,_
t,2024-19-02-14-19:27:9270,1,-1,-1,-1,71,71,TaskSelf_Hand,0.05741829,0.06612206,0,0,0.2536976,0.2743814,0,0,0.00062054,0.02716412,0.02692474,0.04435498,0.1535922,0.001073554,0.3045579,0.1659935,0,0,0.2138747,0.1224549,0,0,2.832837E-10,1.130299E-10,0.01086564,0,2.229907E-06,0.006081861,0.2866431,0.5610397,0.01086564,0.001530669,0.2341796,0.2569752,0,1.401298E-45,0,0,9.200848E-27,9.200848E-27,4.21241E-16,4.212479E-16,0.0207149,0.02714701,0.06484076,0.1188956,0.03756643,0.09875858,0,0,0.01889458,2.852195E-24,1.948387E-24,0.008044238,1.401298E-45,2.442625E-12,2.628985E-12,0,1.788896E-28,0,0,0.1566665,0.152763,_,_,0,_,_
t,2024-19-02-14-19:27:9682,1,-1,-1,-1,71,71,TaskSelf_Hand,0.07025658,0.08371482,0,0,0.2580471,0.2758972,0,0,0.0004056801,0.02716411,0.02699923,0.04177579,0.1422456,0.003051072,0.3238775,0.205939,0,0,0.2105061,0.1205389,0,0,2.34227E-10,9.345631E-11,0.01086564,0,1.568809E-06,0.003312921,0.2547465,0.5564841,0.01086564,0.006137516,0.2338724,0.2533129,0,1.401298E-45,0,0,6.484579E-27,6.484579E-27,2.968825E-16,2.968874E-16,0.01638427,0.02715214,0.06497583,0.1191515,0.03772326,0.09636141,0,0,0.01893164,2.010172E-24,1.373186E-24,0.009149027,1.401298E-45,1.721511E-12,1.852856E-12,0,1.47911E-28,0,0,0.1570774,0.1501608,_,_,0,_,_
t,2024-19-02-14-19:28:0094,1,-1,-1,-1,71,71,TaskSelf_ETC,0.1015064,0.0868379,0,0,0.2717043,0.2765234,0,0,0.0002685815,0.02716411,0.02705009,0.04031138,0.1502776,0.003422767,0.3334853,0.211606,0,0,0.2042904,0.1142843,0,0,1.936653E-10,7.727223E-11,0.01086564,0,1.104042E-06,0.001878492,0.2366534,0.5416166,0.01086564,0.008348224,0.229875,0.2433256,0,1.401298E-45,0,0,4.570195E-27,4.570195E-27,2.092365E-16,2.0924E-16,0.01407158,0.01721897,0.05959542,0.1192966,0.03782483,0.09491179,0,0,0.0189571,1.416727E-24,9.677923E-25,0.00457094,1.401298E-45,1.213283E-12,1.305852E-12,0,1.222969E-28,0,0,0.1393727,0.1389896,_,_,0,_,_
t,2024-19-02-14-19:28:0541,1,-1,-1,-1,71,71,TaskSelf_ETC,0.09968854,0.08504779,0,0,0.2661784,0.26874,0,0,0.0001797027,0.02716411,0.02708501,0.03270759,0.1465891,0.003021598,0.3354392,0.213011,0,0,0.1835157,0.09186334,0,0,1.601283E-10,6.389101E-11,0.01086564,0,7.771666E-07,0.001102467,0.2318805,0.5244952,0.01086564,0.00461841,0.2196884,0.2303932,0,1.401298E-45,0,0,3.220996E-27,3.220996E-27,1.474663E-16,1.474688E-16,0.02152432,0.02104483,0.06187939,0.1193815,0.03789151,0.09401429,0,0,0.01897467,9.984849E-25,6.820836E-25,0.007174966,1.401298E-45,8.551E-13,9.203419E-13,0,1.011187E-28,0,0,0.1487147,0.1425126,_,_,0,_,_
t,2024-19-02-14-19:28:1158,1,-1,-1,-1,71,71,TaskSelf_Hand,0.1010035,0.09328724,0,0,0.2601503,0.2750893,0,0,0.003639308,0.02716411,0.02712574,0.04650274,0.1287362,0.003702894,0.3303688,0.2237799,0,0,0.1821945,0.09045753,0,0,1.094697E-10,4.367829E-11,0.01086564,0,3.853163E-07,0.008175385,0.2468375,0.5304294,0.01086564,0.00659222,0.2257704,0.2459199,0,1.401298E-45,0,0,1.599888E-27,1.599888E-27,7.32474E-17,7.324861E-17,0.02588474,0.02469623,0.06393537,0.1098539,0.0379655,0.09308271,0,0,0.01899528,4.959534E-25,3.38795E-25,0.004337177,1.401298E-45,4.247324E-13,4.571388E-13,0,6.912855E-29,0,0,0.1474417,0.1453074,_,_,0,_,_
t,2024-19-02-14-19:28:1585,1,-1,-1,-1,71,71,TaskSelf_Hand,0.09957483,0.111678,0,0,0.2558089,0.2675942,0,0,0.002315514,0.02716411,0.02713731,0.0352213,0.1220557,0.01655114,0.3826242,0.3122307,0,0,0.1822733,0.09051208,0,0,9.051287E-11,3.611453E-11,0.01086564,0,2.713782E-07,0.00448434,0.1541534,0.461952,0.01086564,0.003720889,0.217992,0.2311857,0,1.401298E-45,0,0,1.127574E-27,1.127574E-27,5.162353E-17,5.162439E-17,0.01815159,0.0255569,0.05905012,0.1139122,0.03798558,0.0928449,0,0,0.01900116,3.495396E-25,2.38777E-25,0.002292129,1.401298E-45,2.99344E-13,3.221836E-13,0,5.715757E-29,0,0,0.1471633,0.1367877,_,_,0,_,_
