Timestamp,Hand,PosX,PosY,PosZ,RotX,RotY,RotZ,RotW,VelX,VelY,VelZ,AccX,AccY,AccZ,GrabEvent
1.610,Left,-4.580,-0.028,-1.026,0.000,1.000,0.000,0.000,0.000,0.000,0.000,0.000,0.000,0.000,"",
1.780,Left,-4.580,-0.028,-1.026,0.000,1.000,0.000,0.000,0.000,0.000,0.000,0.000,0.000,0.000,"",
1.822,Left,-4.580,-0.028,-1.026,0.000,1.000,0.000,0.000,0.000,0.000,0.000,0.000,0.000,0.000,"",
1.839,Left,-4.580,-0.028,-1.026,0.000,1.000,0.000,0.000,0.000,0.000,0.000,0.000,0.000,0.000,"",
1.849,Left,-4.580,-0.028,-1.026,0.000,1.000,0.000,0.000,0.000,0.000,0.000,0.000,0.000,0.000,"",
1.865,Left,-4.580,-0.028,-1.026,0.000,1.000,0.000,0.000,0.000,0.000,0.000,0.000,0.000,0.000,"",
1.878,Left,-4.580,-0.028,-1.026,0.000,1.000,0.000,0.000,0.000,0.000,0.000,0.000,0.000,0.000,"",
1.893,Left,-4.580,-0.028,-1.026,0.000,1.000,0.000,0.000,0.000,0.000,0.000,0.000,0.000,0.000,"",
1.906,Left,-4.580,-0.028,-1.026,0.000,1.000,0.000,0.000,0.000,0.000,0.000,0.000,0.000,0.000,"",
1.922,Left,-4.580,-0.028,-1.026,0.000,1.000,0.000,0.000,0.000,0.000,0.000,0.000,0.000,0.000,"",
1.937,Left,-4.580,-0.028,-1.026,0.000,1.000,0.000,0.000,0.000,0.000,0.000,0.000,0.000,0.000,"",
1.953,Left,-4.580,-0.028,-1.026,0.000,1.000,0.000,0.000,0.000,0.000,0.000,0.000,0.000,0.000,"",
1.968,Left,-4.580,-0.028,-1.026,0.000,1.000,0.000,0.000,0.000,0.000,0.000,0.000,0.000,0.000,"",
1.982,Left,-4.580,-0.028,-1.026,0.000,1.000,0.000,0.000,0.000,0.000,0.000,0.000,0.000,0.000,"",
1.995,Left,-4.580,-0.028,-1.026,0.000,1.000,0.000,0.000,0.000,0.000,0.000,0.000,0.000,0.000,"",
2.009,Left,-4.580,-0.028,-1.026,0.000,1.000,0.000,0.000,0.000,0.000,0.000,0.000,0.000,0.000,"",
2.023,Left,-4.580,-0.028,-1.026,0.000,1.000,0.000,0.000,0.000,0.000,0.000,0.000,0.000,0.000,"",
2.038,Left,-4.580,-0.028,-1.026,0.000,1.000,0.000,0.000,0.000,0.000,0.000,0.000,0.000,0.000,"",
2.051,Left,-4.580,-0.028,-1.026,0.000,1.000,0.000,0.000,0.000,0.000,0.000,0.000,0.000,0.000,"",
2.066,Left,-4.580,-0.028,-1.026,0.000,1.000,0.000,0.000,0.000,0.000,0.000,0.000,0.000,0.000,"",
2.080,Left,-4.580,-0.028,-1.026,0.000,1.000,0.000,0.000,0.000,0.000,0.000,0.000,0.000,0.000,"",
2.093,Left,-4.580,-0.028,-1.026,0.000,1.000,0.000,0.000,0.000,0.000,0.000,0.000,0.000,0.000,"",
2.108,Left,-4.580,-0.028,-1.026,0.000,1.000,0.000,0.000,0.000,0.000,0.000,0.000,0.000,0.000,"",
2.122,Left,-4.580,-0.028,-1.026,0.000,1.000,0.000,0.000,0.000,0.000,0.000,0.000,0.000,0.000,"",
2.136,Left,-4.580,-0.028,-1.026,0.000,1.000,0.000,0.000,0.000,0.000,0.000,0.000,0.000,0.000,"",
2.149,Left,-4.580,-0.028,-1.026,0.000,1.000,0.000,0.000,0.000,0.000,0.000,0.000,0.000,0.000,"",
2.164,Left,-4.580,-0.028,-1.026,0.000,1.000,0.000,0.000,0.000,0.000,0.000,0.000,0.000,0.000,"",
2.178,Left,-4.580,-0.028,-1.026,0.000,1.000,0.000,0.000,0.000,0.000,0.000,0.000,0.000,0.000,"",
2.191,Left,-4.580,-0.028,-1.026,0.000,1.000,0.000,0.000,0.000,0.000,0.000,0.000,0.000,0.000,"",
2.206,Left,-4.580,-0.028,-1.026,0.000,1.000,0.000,0.000,0.000,0.000,0.000,0.000,0.000,0.000,"",
2.226,Left,-4.580,-0.028,-1.026,0.000,1.000,0.000,0.000,0.000,0.000,0.000,0.000,0.000,0.000,"",
2.240,Left,-4.580,-0.028,-1.026,0.000,1.000,0.000,0.000,0.000,0.000,0.000,0.000,0.000,0.000,"",
2.246,Left,-4.580,-0.028,-1.026,0.000,1.000,0.000,0.000,0.000,0.000,0.000,0.000,0.000,0.000,"",
2.261,Left,-4.580,-0.028,-1.026,0.000,1.000,0.000,0.000,0.000,0.000,0.000,0.000,0.000,0.000,"",
2.275,Left,-4.580,-0.028,-1.026,0.000,1.000,0.000,0.000,0.000,0.000,0.000,0.000,0.000,0.000,"",
2.288,Left,-4.580,-0.028,-1.026,0.000,1.000,0.000,0.000,0.000,0.000,0.000,0.000,0.000,0.000,"",
2.302,Left,-4.580,-0.028,-1.026,0.000,1.000,0.000,0.000,0.000,0.000,0.000,0.000,0.000,0.000,"",
2.316,Left,-4.580,-0.028,-1.026,0.000,1.000,0.000,0.000,0.000,0.000,0.000,0.000,0.000,0.000,"",
2.330,Left,-4.580,-0.028,-1.026,0.000,1.000,0.000,0.000,0.000,0.000,0.000,0.000,0.000,0.000,"",
2.344,Left,-4.580,-0.028,-1.026,0.000,1.000,0.000,0.000,0.000,0.000,0.000,0.000,0.000,0.000,"",
2.358,Left,-4.580,-0.028,-1.026,0.000,1.000,0.000,0.000,0.000,0.000,0.000,0.000,0.000,0.000,"",
2.372,Left,-4.580,-0.028,-1.026,0.000,1.000,0.000,0.000,0.000,0.000,0.000,0.000,0.000,0.000,"",
2.386,Left,-4.580,-0.028,-1.026,0.000,1.000,0.000,0.000,0.000,0.000,0.000,0.000,0.000,0.000,"",
2.400,Left,-4.580,-0.028,-1.026,0.000,1.000,0.000,0.000,0.000,0.000,0.000,0.000,0.000,0.000,"",
2.416,Left,-4.580,-0.028,-1.026,0.000,1.000,0.000,0.000,0.000,0.000,0.000,0.000,0.000,0.000,"",
2.429,Left,-4.580,-0.028,-1.026,0.000,1.000,0.000,0.000,0.000,0.000,0.000,0.000,0.000,0.000,"",
2.442,Left,-4.580,-0.028,-1.026,0.000,1.000,0.000,0.000,0.000,0.000,0.000,0.000,0.000,0.000,"",
2.456,Left,-4.580,-0.028,-1.026,0.000,1.000,0.000,0.000,0.000,0.000,0.000,0.000,0.000,0.000,"",
2.470,Left,-4.580,-0.028,-1.026,0.000,1.000,0.000,0.000,0.000,0.000,0.000,0.000,0.000,0.000,"",
2.484,Left,-4.580,-0.028,-1.026,0.000,1.000,0.000,0.000,0.000,0.000,0.000,0.000,0.000,0.000,"",
2.498,Left,-4.580,-0.028,-1.026,0.000,1.000,0.000,0.000,0.000,0.000,0.000,0.000,0.000,0.000,"",
2.512,Left,-4.580,-0.028,-1.026,0.000,1.000,0.000,0.000,0.000,0.000,0.000,0.000,0.000,0.000,"",
2.526,Left,-4.580,-0.028,-1.026,0.000,1.000,0.000,0.000,0.000,0.000,0.000,0.000,0.000,0.000,"",
2.540,Left,-4.580,-0.028,-1.026,0.000,1.000,0.000,0.000,0.000,0.000,0.000,0.000,0.000,0.000,"",
2.554,Left,-4.580,-0.028,-1.026,0.000,1.000,0.000,0.000,0.000,0.000,0.000,0.000,0.000,0.000,"",
2.568,Left,-4.580,-0.028,-1.026,0.000,1.000,0.000,0.000,0.000,0.000,0.000,0.000,0.000,0.000,"",
2.582,Left,-4.580,-0.028,-1.026,0.000,1.000,0.000,0.000,0.000,0.000,0.000,0.000,0.000,0.000,"",
2.596,Left,-4.580,-0.028,-1.026,0.000,1.000,0.000,0.000,0.000,0.000,0.000,0.000,0.000,0.000,"",
2.610,Left,-4.580,-0.028,-1.026,0.000,1.000,0.000,0.000,0.000,0.000,0.000,0.000,0.000,0.000,"",
2.624,Left,-4.580,-0.028,-1.026,0.000,1.000,0.000,0.000,0.000,0.000,0.000,0.000,0.000,0.000,"",
2.638,Left,-4.580,-0.028,-1.026,0.000,1.000,0.000,0.000,0.000,0.000,0.000,0.000,0.000,0.000,"",
2.652,Left,-4.580,-0.028,-1.026,0.000,1.000,0.000,0.000,0.000,0.000,0.000,0.000,0.000,0.000,"",
2.666,Left,-4.580,-0.028,-1.026,0.000,1.000,0.000,0.000,0.000,0.000,0.000,0.000,0.000,0.000,"",
2.680,Left,-4.580,-0.028,-1.026,0.000,1.000,0.000,0.000,0.000,0.000,0.000,0.000,0.000,0.000,"",
2.693,Left,-4.580,-0.028,-1.026,0.000,1.000,0.000,0.000,0.000,0.000,0.000,0.000,0.000,0.000,"",
2.708,Left,-4.580,-0.028,-1.026,0.000,1.000,0.000,0.000,0.000,0.000,0.000,0.000,0.000,0.000,"",
2.722,Left,-4.580,-0.028,-1.026,0.000,1.000,0.000,0.000,0.000,0.000,0.000,0.000,0.000,0.000,"",
2.736,Left,-4.580,-0.028,-1.026,0.000,1.000,0.000,0.000,0.000,0.000,0.000,0.000,0.000,0.000,"",
2.749,Left,-4.580,-0.028,-1.026,0.000,1.000,0.000,0.000,0.000,0.000,0.000,0.000,0.000,0.000,"",
2.763,Left,-4.580,-0.028,-1.026,0.000,1.000,0.000,0.000,0.000,0.000,0.000,0.000,0.000,0.000,"",
2.777,Left,-4.580,-0.028,-1.026,0.000,1.000,0.000,0.000,0.000,0.000,0.000,0.000,0.000,0.000,"",
2.791,Left,-4.580,-0.028,-1.026,0.000,1.000,0.000,0.000,0.000,0.000,0.000,0.000,0.000,0.000,"",
2.805,Left,-4.580,-0.028,-1.026,0.000,1.000,0.000,0.000,0.000,0.000,0.000,0.000,0.000,0.000,"",
2.819,Left,-4.580,-0.028,-1.026,0.000,1.000,0.000,0.000,0.000,0.000,0.000,0.000,0.000,0.000,"",
2.833,Left,-4.580,-0.028,-1.026,0.000,1.000,0.000,0.000,0.000,0.000,0.000,0.000,0.000,0.000,"",
2.847,Left,-4.580,-0.028,-1.026,0.000,1.000,0.000,0.000,0.000,0.000,0.000,0.000,0.000,0.000,"",
2.861,Left,-4.580,-0.028,-1.026,0.000,1.000,0.000,0.000,0.000,0.000,0.000,0.000,0.000,0.000,"",
2.875,Left,-4.580,-0.028,-1.026,0.000,1.000,0.000,0.000,0.000,0.000,0.000,0.000,0.000,0.000,"",
2.889,Left,-4.580,-0.028,-1.026,0.000,1.000,0.000,0.000,0.000,0.000,0.000,0.000,0.000,0.000,"",
2.903,Left,-4.580,-0.028,-1.026,0.000,1.000,0.000,0.000,0.000,0.000,0.000,0.000,0.000,0.000,"",
2.917,Left,-4.580,-0.028,-1.026,0.000,1.000,0.000,0.000,0.000,0.000,0.000,0.000,0.000,0.000,"",
2.930,Left,-4.580,-0.028,-1.026,0.000,1.000,0.000,0.000,0.000,0.000,0.000,0.000,0.000,0.000,"",
2.945,Left,-4.580,-0.028,-1.026,0.000,1.000,0.000,0.000,0.000,0.000,0.000,0.000,0.000,0.000,"",
2.959,Left,-4.580,-0.028,-1.026,0.000,1.000,0.000,0.000,0.000,0.000,0.000,0.000,0.000,0.000,"",
2.973,Left,-4.580,-0.028,-1.026,0.000,1.000,0.000,0.000,0.000,0.000,0.000,0.000,0.000,0.000,"",
2.987,Left,-4.580,-0.028,-1.026,0.000,1.000,0.000,0.000,0.000,0.000,0.000,0.000,0.000,0.000,"",
3.001,Left,-4.580,-0.028,-1.026,0.000,1.000,0.000,0.000,0.000,0.000,0.000,0.000,0.000,0.000,"",
3.015,Left,-4.580,-0.028,-1.026,0.000,1.000,0.000,0.000,0.000,0.000,0.000,0.000,0.000,0.000,"",
3.028,Left,-4.580,-0.028,-1.026,0.000,1.000,0.000,0.000,0.000,0.000,0.000,0.000,0.000,0.000,"",
3.042,Left,-4.580,-0.028,-1.026,0.000,1.000,0.000,0.000,0.000,0.000,0.000,0.000,0.000,0.000,"",
3.056,Left,-4.580,-0.028,-1.026,0.000,1.000,0.000,0.000,0.000,0.000,0.000,0.000,0.000,0.000,"",
3.070,Left,-4.580,-0.028,-1.026,0.000,1.000,0.000,0.000,0.000,0.000,0.000,0.000,0.000,0.000,"",
3.084,Left,-4.580,-0.028,-1.026,0.000,1.000,0.000,0.000,0.000,0.000,0.000,0.000,0.000,0.000,"",
3.098,Left,-4.580,-0.028,-1.026,0.000,1.000,0.000,0.000,0.000,0.000,0.000,0.000,0.000,0.000,"",
3.112,Left,-4.580,-0.028,-1.026,0.000,1.000,0.000,0.000,0.000,0.000,0.000,0.000,0.000,0.000,"",
3.126,Left,-4.580,-0.028,-1.026,0.000,1.000,0.000,0.000,0.000,0.000,0.000,0.000,0.000,0.000,"",
3.140,Left,-4.580,-0.028,-1.026,0.000,1.000,0.000,0.000,0.000,0.000,0.000,0.000,0.000,0.000,"",
3.154,Left,-4.580,-0.028,-1.026,0.000,1.000,0.000,0.000,0.000,0.000,0.000,0.000,0.000,0.000,"",
3.168,Left,-4.580,-0.028,-1.026,0.000,1.000,0.000,0.000,0.000,0.000,0.000,0.000,0.000,0.000,"",
3.182,Left,-4.580,-0.028,-1.026,0.000,1.000,0.000,0.000,0.000,0.000,0.000,0.000,0.000,0.000,"",
3.196,Left,-4.580,-0.028,-1.026,0.000,1.000,0.000,0.000,0.000,0.000,0.000,0.000,0.000,0.000,"",
3.209,Left,-4.580,-0.028,-1.026,0.000,1.000,0.000,0.000,0.000,0.000,0.000,0.000,0.000,0.000,"",
3.224,Left,-4.580,-0.028,-1.026,0.000,1.000,0.000,0.000,0.000,0.000,0.000,0.000,0.000,0.000,"",
3.238,Left,-4.580,-0.028,-1.026,0.000,1.000,0.000,0.000,0.000,0.000,0.000,0.000,0.000,0.000,"",
3.251,Left,-4.580,-0.028,-1.026,0.000,1.000,0.000,0.000,0.000,0.000,0.000,0.000,0.000,0.000,"",
3.266,Left,-4.580,-0.028,-1.026,0.000,1.000,0.000,0.000,0.000,0.000,0.000,0.000,0.000,0.000,"",
3.279,Left,-4.580,-0.028,-1.026,0.000,1.000,0.000,0.000,0.000,0.000,0.000,0.000,0.000,0.000,"",
3.293,Left,-4.580,-0.028,-1.026,0.000,1.000,0.000,0.000,0.000,0.000,0.000,0.000,0.000,0.000,"",
3.308,Left,-4.580,-0.028,-1.026,0.000,1.000,0.000,0.000,0.000,0.000,0.000,0.000,0.000,0.000,"",
3.322,Left,-4.580,-0.028,-1.026,0.000,1.000,0.000,0.000,0.000,0.000,0.000,0.000,0.000,0.000,"",
3.337,Left,-4.580,-0.028,-1.026,0.000,1.000,0.000,0.000,0.000,0.000,0.000,0.000,0.000,0.000,"",
3.350,Left,-4.580,-0.028,-1.026,0.000,1.000,0.000,0.000,0.000,0.000,0.000,0.000,0.000,0.000,"",
3.363,Left,-4.580,-0.028,-1.026,0.000,1.000,0.000,0.000,0.000,0.000,0.000,0.000,0.000,0.000,"",
3.378,Left,-4.580,-0.028,-1.026,0.000,1.000,0.000,0.000,0.000,0.000,0.000,0.000,0.000,0.000,"",
3.391,Left,-4.580,-0.028,-1.026,0.000,1.000,0.000,0.000,0.000,0.000,0.000,0.000,0.000,0.000,"",
3.405,Left,-4.580,-0.028,-1.026,0.000,1.000,0.000,0.000,0.000,0.000,0.000,0.000,0.000,0.000,"",
3.418,Left,-4.580,-0.028,-1.026,0.000,1.000,0.000,0.000,0.000,0.000,0.000,0.000,0.000,0.000,"",
3.432,Left,-4.580,-0.028,-1.026,0.000,1.000,0.000,0.000,0.000,0.000,0.000,0.000,0.000,0.000,"",
3.446,Left,-4.580,-0.028,-1.026,0.000,1.000,0.000,0.000,0.000,0.000,0.000,0.000,0.000,0.000,"",
3.460,Left,-4.580,-0.028,-1.026,0.000,1.000,0.000,0.000,0.000,0.000,0.000,0.000,0.000,0.000,"",
3.475,Left,-4.580,-0.028,-1.026,0.000,1.000,0.000,0.000,0.000,0.000,0.000,0.000,0.000,0.000,"",
3.489,Left,-4.580,-0.028,-1.026,0.000,1.000,0.000,0.000,0.000,0.000,0.000,0.000,0.000,0.000,"",
3.503,Left,-4.580,-0.028,-1.026,0.000,1.000,0.000,0.000,0.000,0.000,0.000,0.000,0.000,0.000,"",
3.517,Left,-4.580,-0.028,-1.026,0.000,1.000,0.000,0.000,0.000,0.000,0.000,0.000,0.000,0.000,"",
3.530,Left,-4.580,-0.028,-1.026,0.000,1.000,0.000,0.000,0.000,0.000,0.000,0.000,0.000,0.000,"",
3.544,Left,-4.580,-0.028,-1.026,0.000,1.000,0.000,0.000,0.000,0.000,0.000,0.000,0.000,0.000,"",
3.558,Left,-4.580,-0.028,-1.026,0.000,1.000,0.000,0.000,0.000,0.000,0.000,0.000,0.000,0.000,"",
3.572,Left,-4.580,-0.028,-1.026,0.000,1.000,0.000,0.000,0.000,0.000,0.000,0.000,0.000,0.000,"",
3.586,Left,-4.580,-0.028,-1.026,0.000,1.000,0.000,0.000,0.000,0.000,0.000,0.000,0.000,0.000,"",
3.600,Left,-4.580,-0.028,-1.026,0.000,1.000,0.000,0.000,0.000,0.000,0.000,0.000,0.000,0.000,"",
3.614,Left,-4.580,-0.028,-1.026,0.000,1.000,0.000,0.000,0.000,0.000,0.000,0.000,0.000,0.000,"",
3.628,Left,-4.580,-0.028,-1.026,0.000,1.000,0.000,0.000,0.000,0.000,0.000,0.000,0.000,0.000,"",
3.642,Left,-4.580,-0.028,-1.026,0.000,1.000,0.000,0.000,0.000,0.000,0.000,0.000,0.000,0.000,"",
3.657,Left,-4.580,-0.028,-1.026,0.000,1.000,0.000,0.000,0.000,0.000,0.000,0.000,0.000,0.000,"",
3.670,Left,-4.580,-0.028,-1.026,0.000,1.000,0.000,0.000,0.000,0.000,0.000,0.000,0.000,0.000,"",
3.684,Left,-4.580,-0.028,-1.026,0.000,1.000,0.000,0.000,0.000,0.000,0.000,0.000,0.000,0.000,"",
3.698,Left,-4.580,-0.028,-1.026,0.000,1.000,0.000,0.000,0.000,0.000,0.000,0.000,0.000,0.000,"",
3.712,Left,-4.580,-0.028,-1.026,0.000,1.000,0.000,0.000,0.000,0.000,0.000,0.000,0.000,0.000,"",
3.726,Left,-4.580,-0.028,-1.026,0.000,1.000,0.000,0.000,0.000,0.000,0.000,0.000,0.000,0.000,"",
3.740,Left,-4.580,-0.028,-1.026,0.000,1.000,0.000,0.000,0.000,0.000,0.000,0.000,0.000,0.000,"",
3.754,Left,-4.580,-0.028,-1.026,0.000,1.000,0.000,0.000,0.000,0.000,0.000,0.000,0.000,0.000,"",
3.768,Left,-4.580,-0.028,-1.026,0.000,1.000,0.000,0.000,0.000,0.000,0.000,0.000,0.000,0.000,"",
3.782,Left,-4.580,-0.028,-1.026,0.000,1.000,0.000,0.000,0.000,0.000,0.000,0.000,0.000,0.000,"",
3.795,Left,-4.580,-0.028,-1.026,0.000,1.000,0.000,0.000,0.000,0.000,0.000,0.000,0.000,0.000,"",
3.809,Left,-4.580,-0.028,-1.026,0.000,1.000,0.000,0.000,0.000,0.000,0.000,0.000,0.000,0.000,"",
3.823,Left,-4.580,-0.028,-1.026,0.000,1.000,0.000,0.000,0.000,0.000,0.000,0.000,0.000,0.000,"",
3.837,Left,-4.580,-0.028,-1.026,0.000,1.000,0.000,0.000,0.000,0.000,0.000,0.000,0.000,0.000,"",
3.850,Left,-4.580,-0.028,-1.026,0.000,1.000,0.000,0.000,0.000,0.000,0.000,0.000,0.000,0.000,"",
3.865,Left,-4.580,-0.028,-1.026,0.000,1.000,0.000,0.000,0.000,0.000,0.000,0.000,0.000,0.000,"",
3.879,Left,-4.580,-0.028,-1.026,0.000,1.000,0.000,0.000,0.000,0.000,0.000,0.000,0.000,0.000,"",
3.892,Left,-4.580,-0.028,-1.026,0.000,1.000,0.000,0.000,0.000,0.000,0.000,0.000,0.000,0.000,"",
3.907,Left,-4.580,-0.028,-1.026,0.000,1.000,0.000,0.000,0.000,0.000,0.000,0.000,0.000,0.000,"",
3.921,Left,-4.580,-0.028,-1.026,0.000,1.000,0.000,0.000,0.000,0.000,0.000,0.000,0.000,0.000,"",
3.935,Left,-4.580,-0.028,-1.026,0.000,1.000,0.000,0.000,0.000,0.000,0.000,0.000,0.000,0.000,"",
3.948,Left,-4.580,-0.028,-1.026,0.000,1.000,0.000,0.000,0.000,0.000,0.000,0.000,0.000,0.000,"",
3.962,Left,-4.580,-0.028,-1.026,0.000,1.000,0.000,0.000,0.000,0.000,0.000,0.000,0.000,0.000,"",
3.976,Left,-4.580,-0.028,-1.026,0.000,1.000,0.000,0.000,0.000,0.000,0.000,0.000,0.000,0.000,"",
3.990,Left,-4.580,-0.028,-1.026,0.000,1.000,0.000,0.000,0.000,0.000,0.000,0.000,0.000,0.000,"",
4.004,Left,-4.580,-0.028,-1.026,0.000,1.000,0.000,0.000,0.000,0.000,0.000,0.000,0.000,0.000,"",
4.019,Left,-4.580,-0.028,-1.026,0.000,1.000,0.000,0.000,0.000,0.000,0.000,0.000,0.000,0.000,"",
4.032,Left,-4.580,-0.028,-1.026,0.000,1.000,0.000,0.000,0.000,0.000,0.000,0.000,0.000,0.000,"",
4.046,Left,-4.580,-0.028,-1.026,0.000,1.000,0.000,0.000,0.000,0.000,0.000,0.000,0.000,0.000,"",
4.060,Left,-4.580,-0.028,-1.026,0.000,1.000,0.000,0.000,0.000,0.000,0.000,0.000,0.000,0.000,"",
4.074,Left,-4.580,-0.028,-1.026,0.000,1.000,0.000,0.000,0.000,0.000,0.000,0.000,0.000,0.000,"",
4.088,Left,-4.580,-0.028,-1.026,0.000,1.000,0.000,0.000,0.000,0.000,0.000,0.000,0.000,0.000,"",
4.102,Left,-4.580,-0.028,-1.026,0.000,1.000,0.000,0.000,0.000,0.000,0.000,0.000,0.000,0.000,"",
4.116,Left,-4.580,-0.028,-1.026,0.000,1.000,0.000,0.000,0.000,0.000,0.000,0.000,0.000,0.000,"",
4.130,Left,-4.580,-0.028,-1.026,0.000,1.000,0.000,0.000,0.000,0.000,0.000,0.000,0.000,0.000,"",
4.144,Left,-4.580,-0.028,-1.026,0.000,1.000,0.000,0.000,0.000,0.000,0.000,0.000,0.000,0.000,"",
4.158,Left,-4.580,-0.028,-1.026,0.000,1.000,0.000,0.000,0.000,0.000,0.000,0.000,0.000,0.000,"",
4.171,Left,-4.580,-0.028,-1.026,0.000,1.000,0.000,0.000,0.000,0.000,0.000,0.000,0.000,0.000,"",
4.186,Left,-4.580,-0.028,-1.026,0.000,1.000,0.000,0.000,0.000,0.000,0.000,0.000,0.000,0.000,"",
4.200,Left,-4.580,-0.028,-1.026,0.000,1.000,0.000,0.000,0.000,0.000,0.000,0.000,0.000,0.000,"",
4.213,Left,-4.580,-0.028,-1.026,0.000,1.000,0.000,0.000,0.000,0.000,0.000,0.000,0.000,0.000,"",
4.228,Left,-4.580,-0.028,-1.026,0.000,1.000,0.000,0.000,0.000,0.000,0.000,0.000,0.000,0.000,"",
4.242,Left,-4.580,-0.028,-1.026,0.000,1.000,0.000,0.000,0.000,0.000,0.000,0.000,0.000,0.000,"",
4.255,Left,-4.580,-0.028,-1.026,0.000,1.000,0.000,0.000,0.000,0.000,0.000,0.000,0.000,0.000,"",
4.269,Left,-4.580,-0.028,-1.026,0.000,1.000,0.000,0.000,0.000,0.000,0.000,0.000,0.000,0.000,"",
4.283,Left,-4.580,-0.028,-1.026,0.000,1.000,0.000,0.000,0.000,0.000,0.000,0.000,0.000,0.000,"",
4.297,Left,-4.580,-0.028,-1.026,0.000,1.000,0.000,0.000,0.000,0.000,0.000,0.000,0.000,0.000,"",
4.311,Left,-4.580,-0.028,-1.026,0.000,1.000,0.000,0.000,0.000,0.000,0.000,0.000,0.000,0.000,"",
4.325,Left,-4.580,-0.028,-1.026,0.000,1.000,0.000,0.000,0.000,0.000,0.000,0.000,0.000,0.000,"",
4.339,Left,-4.580,-0.028,-1.026,0.000,1.000,0.000,0.000,0.000,0.000,0.000,0.000,0.000,0.000,"",
4.353,Left,-4.580,-0.028,-1.026,0.000,1.000,0.000,0.000,0.000,0.000,0.000,0.000,0.000,0.000,"",
4.367,Left,-4.580,-0.028,-1.026,0.000,1.000,0.000,0.000,0.000,0.000,0.000,0.000,0.000,0.000,"",
4.381,Left,-4.580,-0.028,-1.026,0.000,1.000,0.000,0.000,0.000,0.000,0.000,0.000,0.000,0.000,"",
4.395,Left,-4.580,-0.028,-1.026,0.000,1.000,0.000,0.000,0.000,0.000,0.000,0.000,0.000,0.000,"",
4.408,Left,-4.580,-0.028,-1.026,0.000,1.000,0.000,0.000,0.000,0.000,0.000,0.000,0.000,0.000,"",
4.423,Left,-4.580,-0.028,-1.026,0.000,1.000,0.000,0.000,0.000,0.000,0.000,0.000,0.000,0.000,"",
4.437,Left,-4.580,-0.028,-1.026,0.000,1.000,0.000,0.000,0.000,0.000,0.000,0.000,0.000,0.000,"",
4.450,Left,-4.580,-0.028,-1.026,0.000,1.000,0.000,0.000,0.000,0.000,0.000,0.000,0.000,0.000,"",
4.464,Left,-4.580,-0.028,-1.026,0.000,1.000,0.000,0.000,0.000,0.000,0.000,0.000,0.000,0.000,"",
4.478,Left,-4.580,-0.028,-1.026,0.000,1.000,0.000,0.000,0.000,0.000,0.000,0.000,0.000,0.000,"",
4.492,Left,-4.580,-0.028,-1.026,0.000,1.000,0.000,0.000,0.000,0.000,0.000,0.000,0.000,0.000,"",
4.506,Left,-4.580,-0.028,-1.026,0.000,1.000,0.000,0.000,0.000,0.000,0.000,0.000,0.000,0.000,"",
4.520,Left,-4.580,-0.028,-1.026,0.000,1.000,0.000,0.000,0.000,0.000,0.000,0.000,0.000,0.000,"",
4.534,Left,-4.580,-0.028,-1.026,0.000,1.000,0.000,0.000,0.000,0.000,0.000,0.000,0.000,0.000,"",
4.548,Left,-4.580,-0.028,-1.026,0.000,1.000,0.000,0.000,0.000,0.000,0.000,0.000,0.000,0.000,"",
4.563,Left,-4.580,-0.028,-1.026,0.000,1.000,0.000,0.000,0.000,0.000,0.000,0.000,0.000,0.000,"",
4.577,Left,-4.580,-0.028,-1.026,0.000,1.000,0.000,0.000,0.000,0.000,0.000,0.000,0.000,0.000,"",
4.589,Left,-4.580,-0.028,-1.026,0.000,1.000,0.000,0.000,0.000,0.000,0.000,0.000,0.000,0.000,"",
4.604,Left,-4.580,-0.028,-1.026,0.000,1.000,0.000,0.000,0.000,0.000,0.000,0.000,0.000,0.000,"",
4.618,Left,-4.580,-0.028,-1.026,0.000,1.000,0.000,0.000,0.000,0.000,0.000,0.000,0.000,0.000,"",
4.631,Left,-4.580,-0.028,-1.026,0.000,1.000,0.000,0.000,0.000,0.000,0.000,0.000,0.000,0.000,"",
4.646,Left,-4.580,-0.028,-1.026,0.000,1.000,0.000,0.000,0.000,0.000,0.000,0.000,0.000,0.000,"",
4.660,Left,-4.580,-0.028,-1.026,0.000,1.000,0.000,0.000,0.000,0.000,0.000,0.000,0.000,0.000,"",
4.673,Left,-4.580,-0.028,-1.026,0.000,1.000,0.000,0.000,0.000,0.000,0.000,0.000,0.000,0.000,"",
4.688,Left,-4.580,-0.028,-1.026,0.000,1.000,0.000,0.000,0.000,0.000,0.000,0.000,0.000,0.000,"",
4.701,Left,-4.580,-0.028,-1.026,0.000,1.000,0.000,0.000,0.000,0.000,0.000,0.000,0.000,0.000,"",
4.715,Left,-4.580,-0.028,-1.026,0.000,1.000,0.000,0.000,0.000,0.000,0.000,0.000,0.000,0.000,"",
4.729,Left,-4.580,-0.028,-1.026,0.000,1.000,0.000,0.000,0.000,0.000,0.000,0.000,0.000,0.000,"",
4.743,Left,-4.580,-0.028,-1.026,0.000,1.000,0.000,0.000,0.000,0.000,0.000,0.000,0.000,0.000,"",
4.757,Left,-4.580,-0.028,-1.026,0.000,1.000,0.000,0.000,0.000,0.000,0.000,0.000,0.000,0.000,"",
4.771,Left,-4.580,-0.028,-1.026,0.000,1.000,0.000,0.000,0.000,0.000,0.000,0.000,0.000,0.000,"",
4.785,Left,-4.580,-0.028,-1.026,0.000,1.000,0.000,0.000,0.000,0.000,0.000,0.000,0.000,0.000,"",
4.799,Left,-4.580,-0.028,-1.026,0.000,1.000,0.000,0.000,0.000,0.000,0.000,0.000,0.000,0.000,"",
4.812,Left,-4.580,-0.028,-1.026,0.000,1.000,0.000,0.000,0.000,0.000,0.000,0.000,0.000,0.000,"",
4.827,Left,-4.580,-0.028,-1.026,0.000,1.000,0.000,0.000,0.000,0.000,0.000,0.000,0.000,0.000,"",
4.841,Left,-4.580,-0.028,-1.026,0.000,1.000,0.000,0.000,0.000,0.000,0.000,0.000,0.000,0.000,"",
4.854,Left,-4.580,-0.028,-1.026,0.000,1.000,0.000,0.000,0.000,0.000,0.000,0.000,0.000,0.000,"",
4.868,Left,-4.580,-0.028,-1.026,0.000,1.000,0.000,0.000,0.000,0.000,0.000,0.000,0.000,0.000,"",
4.883,Left,-4.580,-0.028,-1.026,0.000,1.000,0.000,0.000,0.000,0.000,0.000,0.000,0.000,0.000,"",
4.896,Left,-4.580,-0.028,-1.026,0.000,1.000,0.000,0.000,0.000,0.000,0.000,0.000,0.000,0.000,"",
4.910,Left,-4.580,-0.028,-1.026,0.000,1.000,0.000,0.000,0.000,0.000,0.000,0.000,0.000,0.000,"",
4.924,Left,-4.580,-0.028,-1.026,0.000,1.000,0.000,0.000,0.000,0.000,0.000,0.000,0.000,0.000,"",
4.938,Left,-4.580,-0.028,-1.026,0.000,1.000,0.000,0.000,0.000,0.000,0.000,0.000,0.000,0.000,"",
4.952,Left,-4.580,-0.028,-1.026,0.000,1.000,0.000,0.000,0.000,0.000,0.000,0.000,0.000,0.000,"",
4.966,Left,-4.580,-0.028,-1.026,0.000,1.000,0.000,0.000,0.000,0.000,0.000,0.000,0.000,0.000,"",
4.980,Left,-4.580,-0.028,-1.026,0.000,1.000,0.000,0.000,0.000,0.000,0.000,0.000,0.000,0.000,"",
4.994,Left,-4.580,-0.028,-1.026,0.000,1.000,0.000,0.000,0.000,0.000,0.000,0.000,0.000,0.000,"",
5.007,Left,-4.580,-0.028,-1.026,0.000,1.000,0.000,0.000,0.000,0.000,0.000,0.000,0.000,0.000,"",
5.022,Left,-4.580,-0.028,-1.026,0.000,1.000,0.000,0.000,0.000,0.000,0.000,0.000,0.000,0.000,"",
5.036,Left,-4.580,-0.028,-1.026,0.000,1.000,0.000,0.000,0.000,0.000,0.000,0.000,0.000,0.000,"",
5.049,Left,-4.580,-0.028,-1.026,0.000,1.000,0.000,0.000,0.000,0.000,0.000,0.000,0.000,0.000,"",
5.064,Left,-4.580,-0.028,-1.026,0.000,1.000,0.000,0.000,0.000,0.000,0.000,0.000,0.000,0.000,"",
5.078,Left,-4.580,-0.028,-1.026,0.000,1.000,0.000,0.000,0.000,0.000,0.000,0.000,0.000,0.000,"",
5.091,Left,-4.580,-0.028,-1.026,0.000,1.000,0.000,0.000,0.000,0.000,0.000,0.000,0.000,0.000,"",
5.106,Left,-4.580,-0.028,-1.026,0.000,1.000,0.000,0.000,0.000,0.000,0.000,0.000,0.000,0.000,"",
5.119,Left,-4.580,-0.028,-1.026,0.000,1.000,0.000,0.000,0.000,0.000,0.000,0.000,0.000,0.000,"",
5.133,Left,-4.580,-0.028,-1.026,0.000,1.000,0.000,0.000,0.000,0.000,0.000,0.000,0.000,0.000,"",
5.147,Left,-4.580,-0.028,-1.026,0.000,1.000,0.000,0.000,0.000,0.000,0.000,0.000,0.000,0.000,"",
5.161,Left,-4.580,-0.028,-1.026,0.000,1.000,0.000,0.000,0.000,0.000,0.000,0.000,0.000,0.000,"",
5.175,Left,-4.580,-0.028,-1.026,0.000,1.000,0.000,0.000,0.000,0.000,0.000,0.000,0.000,0.000,"",
5.189,Left,-4.580,-0.028,-1.026,0.000,1.000,0.000,0.000,0.000,0.000,0.000,0.000,0.000,0.000,"",
5.203,Left,-4.580,-0.028,-1.026,0.000,1.000,0.000,0.000,0.000,0.000,0.000,0.000,0.000,0.000,"",
5.217,Left,-4.580,-0.028,-1.026,0.000,1.000,0.000,0.000,0.000,0.000,0.000,0.000,0.000,0.000,"",
5.230,Left,-4.580,-0.028,-1.026,0.000,1.000,0.000,0.000,0.000,0.000,0.000,0.000,0.000,0.000,"",
5.245,Left,-4.580,-0.028,-1.026,0.000,1.000,0.000,0.000,0.000,0.000,0.000,0.000,0.000,0.000,"",
5.259,Left,-4.580,-0.028,-1.026,0.000,1.000,0.000,0.000,0.000,0.000,0.000,0.000,0.000,0.000,"",
5.272,Left,-4.580,-0.028,-1.026,0.000,1.000,0.000,0.000,0.000,0.000,0.000,0.000,0.000,0.000,"",
5.287,Left,-4.580,-0.028,-1.026,0.000,1.000,0.000,0.000,0.000,0.000,0.000,0.000,0.000,0.000,"",
5.300,Left,-4.580,-0.028,-1.026,0.000,1.000,0.000,0.000,0.000,0.000,0.000,0.000,0.000,0.000,"",
5.314,Left,-4.580,-0.028,-1.026,0.000,1.000,0.000,0.000,0.000,0.000,0.000,0.000,0.000,0.000,"",
5.328,Left,-4.580,-0.028,-1.026,0.000,1.000,0.000,0.000,0.000,0.000,0.000,0.000,0.000,0.000,"",
5.342,Left,-4.580,-0.028,-1.026,0.000,1.000,0.000,0.000,0.000,0.000,0.000,0.000,0.000,0.000,"",
5.356,Left,-4.580,-0.028,-1.026,0.000,1.000,0.000,0.000,0.000,0.000,0.000,0.000,0.000,0.000,"",
5.370,Left,-4.580,-0.028,-1.026,0.000,1.000,0.000,0.000,0.000,0.000,0.000,0.000,0.000,0.000,"",
5.384,Left,-4.580,-0.028,-1.026,0.000,1.000,0.000,0.000,0.000,0.000,0.000,0.000,0.000,0.000,"",
5.398,Left,-4.580,-0.028,-1.026,0.000,1.000,0.000,0.000,0.000,0.000,0.000,0.000,0.000,0.000,"",
5.411,Left,-4.580,-0.028,-1.026,0.000,1.000,0.000,0.000,0.000,0.000,0.000,0.000,0.000,0.000,"",
5.426,Left,-4.580,-0.028,-1.026,0.000,1.000,0.000,0.000,0.000,0.000,0.000,0.000,0.000,0.000,"",
5.440,Left,-4.580,-0.028,-1.026,0.000,1.000,0.000,0.000,0.000,0.000,0.000,0.000,0.000,0.000,"",
5.454,Left,-4.580,-0.028,-1.026,0.000,1.000,0.000,0.000,0.000,0.000,0.000,0.000,0.000,0.000,"",
5.467,Left,-4.580,-0.028,-1.026,0.000,1.000,0.000,0.000,0.000,0.000,0.000,0.000,0.000,0.000,"",
5.482,Left,-4.580,-0.028,-1.026,0.000,1.000,0.000,0.000,0.000,0.000,0.000,0.000,0.000,0.000,"",
5.495,Left,-4.580,-0.028,-1.026,0.000,1.000,0.000,0.000,0.000,0.000,0.000,0.000,0.000,0.000,"",
5.509,Left,-4.580,-0.028,-1.026,0.000,1.000,0.000,0.000,0.000,0.000,0.000,0.000,0.000,0.000,"",
5.523,Left,-4.580,-0.028,-1.026,0.000,1.000,0.000,0.000,0.000,0.000,0.000,0.000,0.000,0.000,"",
5.537,Left,-4.580,-0.028,-1.026,0.000,1.000,0.000,0.000,0.000,0.000,0.000,0.000,0.000,0.000,"",
5.551,Left,-4.580,-0.028,-1.026,0.000,1.000,0.000,0.000,0.000,0.000,0.000,0.000,0.000,0.000,"",
5.565,Left,-4.580,-0.028,-1.026,0.000,1.000,0.000,0.000,0.000,0.000,0.000,0.000,0.000,0.000,"",
5.579,Left,-4.580,-0.028,-1.026,0.000,1.000,0.000,0.000,0.000,0.000,0.000,0.000,0.000,0.000,"",
5.593,Left,-4.580,-0.028,-1.026,0.000,1.000,0.000,0.000,0.000,0.000,0.000,0.000,0.000,0.000,"",
5.607,Left,-4.580,-0.028,-1.026,0.000,1.000,0.000,0.000,0.000,0.000,0.000,0.000,0.000,0.000,"",
5.621,Left,-4.580,-0.028,-1.026,0.000,1.000,0.000,0.000,0.000,0.000,0.000,0.000,0.000,0.000,"",
5.635,Left,-4.580,-0.028,-1.026,0.000,1.000,0.000,0.000,0.000,0.000,0.000,0.000,0.000,0.000,"",
5.648,Left,-4.580,-0.028,-1.026,0.000,1.000,0.000,0.000,0.000,0.000,0.000,0.000,0.000,0.000,"",
5.663,Left,-4.580,-0.028,-1.026,0.000,1.000,0.000,0.000,0.000,0.000,0.000,0.000,0.000,0.000,"",
5.677,Left,-4.580,-0.028,-1.026,0.000,1.000,0.000,0.000,0.000,0.000,0.000,0.000,0.000,0.000,"",
5.690,Left,-4.580,-0.028,-1.026,0.000,1.000,0.000,0.000,0.000,0.000,0.000,0.000,0.000,0.000,"",
5.704,Left,-4.580,-0.028,-1.026,0.000,1.000,0.000,0.000,0.000,0.000,0.000,0.000,0.000,0.000,"",
5.718,Left,-4.580,-0.028,-1.026,0.000,1.000,0.000,0.000,0.000,0.000,0.000,0.000,0.000,0.000,"",
5.732,Left,-4.580,-0.028,-1.026,0.000,1.000,0.000,0.000,0.000,0.000,0.000,0.000,0.000,0.000,"",
5.746,Left,-4.580,-0.028,-1.026,0.000,1.000,0.000,0.000,0.000,0.000,0.000,0.000,0.000,0.000,"",
5.760,Left,-4.580,-0.028,-1.026,0.000,1.000,0.000,0.000,0.000,0.000,0.000,0.000,0.000,0.000,"",
5.774,Left,-4.580,-0.028,-1.026,0.000,1.000,0.000,0.000,0.000,0.000,0.000,0.000,0.000,0.000,"",
5.787,Left,-4.580,-0.028,-1.026,0.000,1.000,0.000,0.000,0.000,0.000,0.000,0.000,0.000,0.000,"",
5.802,Left,-4.580,-0.028,-1.026,0.000,1.000,0.000,0.000,0.000,0.000,0.000,0.000,0.000,0.000,"",
5.816,Left,-4.580,-0.028,-1.026,0.000,1.000,0.000,0.000,0.000,0.000,0.000,0.000,0.000,0.000,"",
5.829,Left,-4.580,-0.028,-1.026,0.000,1.000,0.000,0.000,0.000,0.000,0.000,0.000,0.000,0.000,"",
5.844,Left,-4.580,-0.028,-1.026,0.000,1.000,0.000,0.000,0.000,0.000,0.000,0.000,0.000,0.000,"",
5.858,Left,-4.580,-0.028,-1.026,0.000,1.000,0.000,0.000,0.000,0.000,0.000,0.000,0.000,0.000,"",
5.871,Left,-4.580,-0.028,-1.026,0.000,1.000,0.000,0.000,0.000,0.000,0.000,0.000,0.000,0.000,"",
5.885,Left,-4.580,-0.028,-1.026,0.000,1.000,0.000,0.000,0.000,0.000,0.000,0.000,0.000,0.000,"",
5.899,Left,-4.580,-0.028,-1.026,0.000,1.000,0.000,0.000,0.000,0.000,0.000,0.000,0.000,0.000,"",
5.912,Left,-4.580,-0.028,-1.026,0.000,1.000,0.000,0.000,0.000,0.000,0.000,0.000,0.000,0.000,"",
5.927,Left,-4.580,-0.028,-1.026,0.000,1.000,0.000,0.000,0.000,0.000,0.000,0.000,0.000,0.000,"",
5.941,Left,-4.580,-0.028,-1.026,0.000,1.000,0.000,0.000,0.000,0.000,0.000,0.000,0.000,0.000,"",
5.955,Left,-4.580,-0.028,-1.026,0.000,1.000,0.000,0.000,0.000,0.000,0.000,0.000,0.000,0.000,"",
5.969,Left,-4.580,-0.028,-1.026,0.000,1.000,0.000,0.000,0.000,0.000,0.000,0.000,0.000,0.000,"",
5.983,Left,-4.580,-0.028,-1.026,0.000,1.000,0.000,0.000,0.000,0.000,0.000,0.000,0.000,0.000,"",
5.997,Left,-4.580,-0.028,-1.026,0.000,1.000,0.000,0.000,0.000,0.000,0.000,0.000,0.000,0.000,"",
6.010,Left,-4.580,-0.028,-1.026,0.000,1.000,0.000,0.000,0.000,0.000,0.000,0.000,0.000,0.000,"",
6.025,Left,-4.580,-0.028,-1.026,0.000,1.000,0.000,0.000,0.000,0.000,0.000,0.000,0.000,0.000,"",
6.039,Left,-4.580,-0.028,-1.026,0.000,1.000,0.000,0.000,0.000,0.000,0.000,0.000,0.000,0.000,"",
6.052,Left,-4.580,-0.028,-1.026,0.000,1.000,0.000,0.000,0.000,0.000,0.000,0.000,0.000,0.000,"",
6.066,Left,-4.580,-0.028,-1.026,0.000,1.000,0.000,0.000,0.000,0.000,0.000,0.000,0.000,0.000,"",
6.080,Left,-4.580,-0.028,-1.026,0.000,1.000,0.000,0.000,0.000,0.000,0.000,0.000,0.000,0.000,"",
6.094,Left,-4.580,-0.028,-1.026,0.000,1.000,0.000,0.000,0.000,0.000,0.000,0.000,0.000,0.000,"",
6.108,Left,-4.580,-0.028,-1.026,0.000,1.000,0.000,0.000,0.000,0.000,0.000,0.000,0.000,0.000,"",
6.122,Left,-4.580,-0.028,-1.026,0.000,1.000,0.000,0.000,0.000,0.000,0.000,0.000,0.000,0.000,"",
6.136,Left,-4.580,-0.028,-1.026,0.000,1.000,0.000,0.000,0.000,0.000,0.000,0.000,0.000,0.000,"",
6.149,Left,-4.580,-0.028,-1.026,0.000,1.000,0.000,0.000,0.000,0.000,0.000,0.000,0.000,0.000,"",
6.164,Left,-4.580,-0.028,-1.026,0.000,1.000,0.000,0.000,0.000,0.000,0.000,0.000,0.000,0.000,"",
6.178,Left,-4.580,-0.028,-1.026,0.000,1.000,0.000,0.000,0.000,0.000,0.000,0.000,0.000,0.000,"",
6.191,Left,-4.580,-0.028,-1.026,0.000,1.000,0.000,0.000,0.000,0.000,0.000,0.000,0.000,0.000,"",
6.206,Left,-4.580,-0.028,-1.026,0.000,1.000,0.000,0.000,0.000,0.000,0.000,0.000,0.000,0.000,"",
6.220,Left,-4.580,-0.028,-1.026,0.000,1.000,0.000,0.000,0.000,0.000,0.000,0.000,0.000,0.000,"",
6.233,Left,-4.580,-0.028,-1.026,0.000,1.000,0.000,0.000,0.000,0.000,0.000,0.000,0.000,0.000,"",
6.247,Left,-4.580,-0.028,-1.026,0.000,1.000,0.000,0.000,0.000,0.000,0.000,0.000,0.000,0.000,"",
6.261,Left,-4.580,-0.028,-1.026,0.000,1.000,0.000,0.000,0.000,0.000,0.000,0.000,0.000,0.000,"",
6.275,Left,-4.580,-0.028,-1.026,0.000,1.000,0.000,0.000,0.000,0.000,0.000,0.000,0.000,0.000,"",
6.289,Left,-4.580,-0.028,-1.026,0.000,1.000,0.000,0.000,0.000,0.000,0.000,0.000,0.000,0.000,"",
6.303,Left,-4.580,-0.028,-1.026,0.000,1.000,0.000,0.000,0.000,0.000,0.000,0.000,0.000,0.000,"",
6.317,Left,-4.580,-0.028,-1.026,0.000,1.000,0.000,0.000,0.000,0.000,0.000,0.000,0.000,0.000,"",
6.331,Left,-4.580,-0.028,-1.026,0.000,1.000,0.000,0.000,0.000,0.000,0.000,0.000,0.000,0.000,"",
6.345,Left,-4.580,-0.028,-1.026,0.000,1.000,0.000,0.000,0.000,0.000,0.000,0.000,0.000,0.000,"",
6.359,Left,-4.580,-0.028,-1.026,0.000,1.000,0.000,0.000,0.000,0.000,0.000,0.000,0.000,0.000,"",
6.372,Left,-4.580,-0.028,-1.026,0.000,1.000,0.000,0.000,0.000,0.000,0.000,0.000,0.000,0.000,"",
6.387,Left,-4.580,-0.028,-1.026,0.000,1.000,0.000,0.000,0.000,0.000,0.000,0.000,0.000,0.000,"",
6.401,Left,-4.580,-0.028,-1.026,0.000,1.000,0.000,0.000,0.000,0.000,0.000,0.000,0.000,0.000,"",
6.415,Left,-4.580,-0.028,-1.026,0.000,1.000,0.000,0.000,0.000,0.000,0.000,0.000,0.000,0.000,"",
6.428,Left,-4.580,-0.028,-1.026,0.000,1.000,0.000,0.000,0.000,0.000,0.000,0.000,0.000,0.000,"",
6.442,Left,-4.580,-0.028,-1.026,0.000,1.000,0.000,0.000,0.000,0.000,0.000,0.000,0.000,0.000,"",
6.457,Left,-4.580,-0.028,-1.026,0.000,1.000,0.000,0.000,0.000,0.000,0.000,0.000,0.000,0.000,"",
6.470,Left,-4.580,-0.028,-1.026,0.000,1.000,0.000,0.000,0.000,0.000,0.000,0.000,0.000,0.000,"",
6.485,Left,-4.580,-0.028,-1.026,0.000,1.000,0.000,0.000,0.000,0.000,0.000,0.000,0.000,0.000,"",
6.498,Left,-4.580,-0.028,-1.026,0.000,1.000,0.000,0.000,0.000,0.000,0.000,0.000,0.000,0.000,"",
6.511,Left,-4.580,-0.028,-1.026,0.000,1.000,0.000,0.000,0.000,0.000,0.000,0.000,0.000,0.000,"",
6.526,Left,-4.580,-0.028,-1.026,0.000,1.000,0.000,0.000,0.000,0.000,0.000,0.000,0.000,0.000,"",
6.540,Left,-4.580,-0.028,-1.026,0.000,1.000,0.000,0.000,0.000,0.000,0.000,0.000,0.000,0.000,"",
6.554,Left,-4.580,-0.028,-1.026,0.000,1.000,0.000,0.000,0.000,0.000,0.000,0.000,0.000,0.000,"",
6.567,Left,-4.580,-0.028,-1.026,0.000,1.000,0.000,0.000,0.000,0.000,0.000,0.000,0.000,0.000,"",
6.582,Left,-4.580,-0.028,-1.026,0.000,1.000,0.000,0.000,0.000,0.000,0.000,0.000,0.000,0.000,"",
6.596,Left,-4.580,-0.028,-1.026,0.000,1.000,0.000,0.000,0.000,0.000,0.000,0.000,0.000,0.000,"",
6.609,Left,-4.580,-0.028,-1.026,0.000,1.000,0.000,0.000,0.000,0.000,0.000,0.000,0.000,0.000,"",
6.624,Left,-4.580,-0.028,-1.026,0.000,1.000,0.000,0.000,0.000,0.000,0.000,0.000,0.000,0.000,"",
6.638,Left,-4.580,-0.028,-1.026,0.000,1.000,0.000,0.000,0.000,0.000,0.000,0.000,0.000,0.000,"",
6.651,Left,-4.580,-0.028,-1.026,0.000,1.000,0.000,0.000,0.000,0.000,0.000,0.000,0.000,0.000,"",
6.665,Left,-4.580,-0.028,-1.026,0.000,1.000,0.000,0.000,0.000,0.000,0.000,0.000,0.000,0.000,"",
6.679,Left,-4.580,-0.028,-1.026,0.000,1.000,0.000,0.000,0.000,0.000,0.000,0.000,0.000,0.000,"",
6.693,Left,-4.580,-0.028,-1.026,0.000,1.000,0.000,0.000,0.000,0.000,0.000,0.000,0.000,0.000,"",
6.707,Left,-4.580,-0.028,-1.026,0.000,1.000,0.000,0.000,0.000,0.000,0.000,0.000,0.000,0.000,"",
6.721,Left,-4.580,-0.028,-1.026,0.000,1.000,0.000,0.000,0.000,0.000,0.000,0.000,0.000,0.000,"",
6.735,Left,-4.580,-0.028,-1.026,0.000,1.000,0.000,0.000,0.000,0.000,0.000,0.000,0.000,0.000,"",
6.748,Left,-4.580,-0.028,-1.026,0.000,1.000,0.000,0.000,0.000,0.000,0.000,0.000,0.000,0.000,"",
6.763,Left,-4.580,-0.028,-1.026,0.000,1.000,0.000,0.000,0.000,0.000,0.000,0.000,0.000,0.000,"",
6.777,Left,-4.580,-0.028,-1.026,0.000,1.000,0.000,0.000,0.000,0.000,0.000,0.000,0.000,0.000,"",
6.790,Left,-4.580,-0.028,-1.026,0.000,1.000,0.000,0.000,0.000,0.000,0.000,0.000,0.000,0.000,"",
6.804,Left,-4.580,-0.028,-1.026,0.000,1.000,0.000,0.000,0.000,0.000,0.000,0.000,0.000,0.000,"",
6.818,Left,-4.580,-0.028,-1.026,0.000,1.000,0.000,0.000,0.000,0.000,0.000,0.000,0.000,0.000,"",
6.832,Left,-4.580,-0.028,-1.026,0.000,1.000,0.000,0.000,0.000,0.000,0.000,0.000,0.000,0.000,"",
6.846,Left,-4.580,-0.028,-1.026,0.000,1.000,0.000,0.000,0.000,0.000,0.000,0.000,0.000,0.000,"",
6.860,Left,-4.580,-0.028,-1.026,0.000,1.000,0.000,0.000,0.000,0.000,0.000,0.000,0.000,0.000,"",
6.874,Left,-4.580,-0.028,-1.026,0.000,1.000,0.000,0.000,0.000,0.000,0.000,0.000,0.000,0.000,"",
6.888,Left,-4.580,-0.028,-1.026,0.000,1.000,0.000,0.000,0.000,0.000,0.000,0.000,0.000,0.000,"",
6.902,Left,-4.580,-0.028,-1.026,0.000,1.000,0.000,0.000,0.000,0.000,0.000,0.000,0.000,0.000,"",
6.916,Left,-4.580,-0.028,-1.026,0.000,1.000,0.000,0.000,0.000,0.000,0.000,0.000,0.000,0.000,"",
6.930,Left,-4.580,-0.028,-1.026,0.000,1.000,0.000,0.000,0.000,0.000,0.000,0.000,0.000,0.000,"",
6.944,Left,-4.580,-0.028,-1.026,0.000,1.000,0.000,0.000,0.000,0.000,0.000,0.000,0.000,0.000,"",
6.958,Left,-4.580,-0.028,-1.026,0.000,1.000,0.000,0.000,0.000,0.000,0.000,0.000,0.000,0.000,"",
6.972,Left,-4.580,-0.028,-1.026,0.000,1.000,0.000,0.000,0.000,0.000,0.000,0.000,0.000,0.000,"",
6.986,Left,-4.580,-0.028,-1.026,0.000,1.000,0.000,0.000,0.000,0.000,0.000,0.000,0.000,0.000,"",
6.999,Left,-4.580,-0.028,-1.026,0.000,1.000,0.000,0.000,0.000,0.000,0.000,0.000,0.000,0.000,"",
7.013,Left,-4.580,-0.028,-1.026,0.000,1.000,0.000,0.000,0.000,0.000,0.000,0.000,0.000,0.000,"",
7.027,Left,-4.580,-0.028,-1.026,0.000,1.000,0.000,0.000,0.000,0.000,0.000,0.000,0.000,0.000,"",
7.041,Left,-4.580,-0.028,-1.026,0.000,1.000,0.000,0.000,0.000,0.000,0.000,0.000,0.000,0.000,"",
7.055,Left,-4.580,-0.028,-1.026,0.000,1.000,0.000,0.000,0.000,0.000,0.000,0.000,0.000,0.000,"",
7.070,Left,-4.580,-0.028,-1.026,0.000,1.000,0.000,0.000,0.000,0.000,0.000,0.000,0.000,0.000,"",
7.083,Left,-4.580,-0.028,-1.026,0.000,1.000,0.000,0.000,0.000,0.000,0.000,0.000,0.000,0.000,"",
7.097,Left,-4.580,-0.028,-1.026,0.000,1.000,0.000,0.000,0.000,0.000,0.000,0.000,0.000,0.000,"",
7.110,Left,-4.580,-0.028,-1.026,0.000,1.000,0.000,0.000,0.000,0.000,0.000,0.000,0.000,0.000,"",
7.125,Left,-4.580,-0.028,-1.026,0.000,1.000,0.000,0.000,0.000,0.000,0.000,0.000,0.000,0.000,"",
7.139,Left,-4.580,-0.028,-1.026,0.000,1.000,0.000,0.000,0.000,0.000,0.000,0.000,0.000,0.000,"",
7.152,Left,-4.580,-0.028,-1.026,0.000,1.000,0.000,0.000,0.000,0.000,0.000,0.000,0.000,0.000,"",
7.166,Left,-4.580,-0.028,-1.026,0.000,1.000,0.000,0.000,0.000,0.000,0.000,0.000,0.000,0.000,"",
7.181,Left,-4.580,-0.028,-1.026,0.000,1.000,0.000,0.000,0.000,0.000,0.000,0.000,0.000,0.000,"",
7.196,Left,-4.580,-0.028,-1.026,0.000,1.000,0.000,0.000,0.000,0.000,0.000,0.000,0.000,0.000,"",
7.209,Left,-4.580,-0.028,-1.026,0.000,1.000,0.000,0.000,0.000,0.000,0.000,0.000,0.000,0.000,"",
7.223,Left,-4.580,-0.028,-1.026,0.000,1.000,0.000,0.000,0.000,0.000,0.000,0.000,0.000,0.000,"",
7.237,Left,-4.580,-0.028,-1.026,0.000,1.000,0.000,0.000,0.000,0.000,0.000,0.000,0.000,0.000,"",
7.250,Left,-4.580,-0.028,-1.026,0.000,1.000,0.000,0.000,0.000,0.000,0.000,0.000,0.000,0.000,"",
7.265,Left,-4.580,-0.028,-1.026,0.000,1.000,0.000,0.000,0.000,0.000,0.000,0.000,0.000,0.000,"",
7.279,Left,-4.580,-0.028,-1.026,0.000,1.000,0.000,0.000,0.000,0.000,0.000,0.000,0.000,0.000,"",
7.292,Left,-4.580,-0.028,-1.026,0.000,1.000,0.000,0.000,0.000,0.000,0.000,0.000,0.000,0.000,"",
7.306,Left,-4.580,-0.028,-1.026,0.000,1.000,0.000,0.000,0.000,0.000,0.000,0.000,0.000,0.000,"",
7.322,Left,-4.580,-0.028,-1.026,0.000,1.000,0.000,0.000,0.000,0.000,0.000,0.000,0.000,0.000,"",
7.335,Left,-4.580,-0.028,-1.026,0.000,1.000,0.000,0.000,0.000,0.000,0.000,0.000,0.000,0.000,"",
7.347,Left,-4.580,-0.028,-1.026,0.000,1.000,0.000,0.000,0.000,0.000,0.000,0.000,0.000,0.000,"",
7.362,Left,-4.580,-0.028,-1.026,0.000,1.000,0.000,0.000,0.000,0.000,0.000,0.000,0.000,0.000,"",
7.375,Left,-4.580,-0.028,-1.026,0.000,1.000,0.000,0.000,0.000,0.000,0.000,0.000,0.000,0.000,"",
7.389,Left,-4.580,-0.028,-1.026,0.000,1.000,0.000,0.000,0.000,0.000,0.000,0.000,0.000,0.000,"",
7.403,Left,-4.580,-0.028,-1.026,0.000,1.000,0.000,0.000,0.000,0.000,0.000,0.000,0.000,0.000,"",
7.417,Left,-4.580,-0.028,-1.026,0.000,1.000,0.000,0.000,0.000,0.000,0.000,0.000,0.000,0.000,"",
7.432,Left,-4.580,-0.028,-1.026,0.000,1.000,0.000,0.000,0.000,0.000,0.000,0.000,0.000,0.000,"",
7.445,Left,-4.580,-0.028,-1.026,0.000,1.000,0.000,0.000,0.000,0.000,0.000,0.000,0.000,0.000,"",
7.460,Left,-4.580,-0.028,-1.026,0.000,1.000,0.000,0.000,0.000,0.000,0.000,0.000,0.000,0.000,"",
7.473,Left,-4.580,-0.028,-1.026,0.000,1.000,0.000,0.000,0.000,0.000,0.000,0.000,0.000,0.000,"",
7.487,Left,-4.580,-0.028,-1.026,0.000,1.000,0.000,0.000,0.000,0.000,0.000,0.000,0.000,0.000,"",
7.501,Left,-4.580,-0.028,-1.026,0.000,1.000,0.000,0.000,0.000,0.000,0.000,0.000,0.000,0.000,"",
7.515,Left,-4.580,-0.028,-1.026,0.000,1.000,0.000,0.000,0.000,0.000,0.000,0.000,0.000,0.000,"",
7.528,Left,-4.580,-0.028,-1.026,0.000,1.000,0.000,0.000,0.000,0.000,0.000,0.000,0.000,0.000,"",
7.543,Left,-4.580,-0.028,-1.026,0.000,1.000,0.000,0.000,0.000,0.000,0.000,0.000,0.000,0.000,"",
7.557,Left,-4.580,-0.028,-1.026,0.000,1.000,0.000,0.000,0.000,0.000,0.000,0.000,0.000,0.000,"",
7.570,Left,-4.580,-0.028,-1.026,0.000,1.000,0.000,0.000,0.000,0.000,0.000,0.000,0.000,0.000,"",
7.584,Left,-4.580,-0.028,-1.026,0.000,1.000,0.000,0.000,0.000,0.000,0.000,0.000,0.000,0.000,"",
7.598,Left,-4.580,-0.028,-1.026,0.000,1.000,0.000,0.000,0.000,0.000,0.000,0.000,0.000,0.000,"",
7.611,Left,-4.580,-0.028,-1.026,0.000,1.000,0.000,0.000,0.000,0.000,0.000,0.000,0.000,0.000,"",
7.626,Left,-4.580,-0.028,-1.026,0.000,1.000,0.000,0.000,0.000,0.000,0.000,0.000,0.000,0.000,"",
7.640,Left,-4.580,-0.028,-1.026,0.000,1.000,0.000,0.000,0.000,0.000,0.000,0.000,0.000,0.000,"",
7.654,Left,-4.580,-0.028,-1.026,0.000,1.000,0.000,0.000,0.000,0.000,0.000,0.000,0.000,0.000,"",
7.667,Left,-4.580,-0.028,-1.026,0.000,1.000,0.000,0.000,0.000,0.000,0.000,0.000,0.000,0.000,"",
7.682,Left,-4.580,-0.028,-1.026,0.000,1.000,0.000,0.000,0.000,0.000,0.000,0.000,0.000,0.000,"",
7.696,Left,-4.580,-0.028,-1.026,0.000,1.000,0.000,0.000,0.000,0.000,0.000,0.000,0.000,0.000,"",
7.709,Left,-4.580,-0.028,-1.026,0.000,1.000,0.000,0.000,0.000,0.000,0.000,0.000,0.000,0.000,"",
7.724,Left,-4.580,-0.028,-1.026,0.000,1.000,0.000,0.000,0.000,0.000,0.000,0.000,0.000,0.000,"",
7.738,Left,-4.580,-0.028,-1.026,0.000,1.000,0.000,0.000,0.000,0.000,0.000,0.000,0.000,0.000,"",
7.751,Left,-4.580,-0.028,-1.026,0.000,1.000,0.000,0.000,0.000,0.000,0.000,0.000,0.000,0.000,"",
7.766,Left,-4.580,-0.028,-1.026,0.000,1.000,0.000,0.000,0.000,0.000,0.000,0.000,0.000,0.000,"",
7.779,Left,-4.580,-0.028,-1.026,0.000,1.000,0.000,0.000,0.000,0.000,0.000,0.000,0.000,0.000,"",
7.793,Left,-4.580,-0.028,-1.026,0.000,1.000,0.000,0.000,0.000,0.000,0.000,0.000,0.000,0.000,"",
7.807,Left,-4.580,-0.028,-1.026,0.000,1.000,0.000,0.000,0.000,0.000,0.000,0.000,0.000,0.000,"",
7.822,Left,-4.580,-0.028,-1.026,0.000,1.000,0.000,0.000,0.000,0.000,0.000,0.000,0.000,0.000,"",
7.835,Left,-4.580,-0.028,-1.026,0.000,1.000,0.000,0.000,0.000,0.000,0.000,0.000,0.000,0.000,"",
7.848,Left,-4.580,-0.028,-1.026,0.000,1.000,0.000,0.000,0.000,0.000,0.000,0.000,0.000,0.000,"",
7.863,Left,-4.580,-0.028,-1.026,0.000,1.000,0.000,0.000,0.000,0.000,0.000,0.000,0.000,0.000,"",
7.877,Left,-4.580,-0.028,-1.026,0.000,1.000,0.000,0.000,0.000,0.000,0.000,0.000,0.000,0.000,"",
7.890,Left,-4.580,-0.028,-1.026,0.000,1.000,0.000,0.000,0.000,0.000,0.000,0.000,0.000,0.000,"",
7.905,Left,-4.580,-0.028,-1.026,0.000,1.000,0.000,0.000,0.000,0.000,0.000,0.000,0.000,0.000,"",
7.919,Left,-4.580,-0.028,-1.026,0.000,1.000,0.000,0.000,0.000,0.000,0.000,0.000,0.000,0.000,"",
7.932,Left,-4.580,-0.028,-1.026,0.000,1.000,0.000,0.000,0.000,0.000,0.000,0.000,0.000,0.000,"",
7.947,Left,-4.580,-0.028,-1.026,0.000,1.000,0.000,0.000,0.000,0.000,0.000,0.000,0.000,0.000,"",
7.961,Left,-4.580,-0.028,-1.026,0.000,1.000,0.000,0.000,0.000,0.000,0.000,0.000,0.000,0.000,"",
7.975,Left,-4.580,-0.028,-1.026,0.000,1.000,0.000,0.000,0.000,0.000,0.000,0.000,0.000,0.000,"",
7.988,Left,-4.580,-0.028,-1.026,0.000,1.000,0.000,0.000,0.000,0.000,0.000,0.000,0.000,0.000,"",
8.002,Left,-4.580,-0.028,-1.026,0.000,1.000,0.000,0.000,0.000,0.000,0.000,0.000,0.000,0.000,"",
8.016,Left,-4.580,-0.028,-1.026,0.000,1.000,0.000,0.000,0.000,0.000,0.000,0.000,0.000,0.000,"",
8.029,Left,-4.580,-0.028,-1.026,0.000,1.000,0.000,0.000,0.000,0.000,0.000,0.000,0.000,0.000,"",
8.044,Left,-4.580,-0.028,-1.026,0.000,1.000,0.000,0.000,0.000,0.000,0.000,0.000,0.000,0.000,"",
8.058,Left,-4.580,-0.028,-1.026,0.000,1.000,0.000,0.000,0.000,0.000,0.000,0.000,0.000,0.000,"",
8.071,Left,-4.580,-0.028,-1.026,0.000,1.000,0.000,0.000,0.000,0.000,0.000,0.000,0.000,0.000,"",
8.086,Left,-4.580,-0.028,-1.026,0.000,1.000,0.000,0.000,0.000,0.000,0.000,0.000,0.000,0.000,"",
8.100,Left,-4.580,-0.028,-1.026,0.000,1.000,0.000,0.000,0.000,0.000,0.000,0.000,0.000,0.000,"",
8.113,Left,-4.580,-0.028,-1.026,0.000,1.000,0.000,0.000,0.000,0.000,0.000,0.000,0.000,0.000,"",
8.127,Left,-4.580,-0.028,-1.026,0.000,1.000,0.000,0.000,0.000,0.000,0.000,0.000,0.000,0.000,"",
8.141,Left,-4.580,-0.028,-1.026,0.000,1.000,0.000,0.000,0.000,0.000,0.000,0.000,0.000,0.000,"",
8.155,Left,-4.580,-0.028,-1.026,0.000,1.000,0.000,0.000,0.000,0.000,0.000,0.000,0.000,0.000,"",
8.169,Left,-4.580,-0.028,-1.026,0.000,1.000,0.000,0.000,0.000,0.000,0.000,0.000,0.000,0.000,"",
8.183,Left,-4.580,-0.028,-1.026,0.000,1.000,0.000,0.000,0.000,0.000,0.000,0.000,0.000,0.000,"",
8.197,Left,-4.580,-0.028,-1.026,0.000,1.000,0.000,0.000,0.000,0.000,0.000,0.000,0.000,0.000,"",
8.210,Left,-4.580,-0.028,-1.026,0.000,1.000,0.000,0.000,0.000,0.000,0.000,0.000,0.000,0.000,"",
8.225,Left,-4.580,-0.028,-1.026,0.000,1.000,0.000,0.000,0.000,0.000,0.000,0.000,0.000,0.000,"",
8.239,Left,-4.580,-0.028,-1.026,0.000,1.000,0.000,0.000,0.000,0.000,0.000,0.000,0.000,0.000,"",
8.252,Left,-4.580,-0.028,-1.026,0.000,1.000,0.000,0.000,0.000,0.000,0.000,0.000,0.000,0.000,"",
8.267,Left,-4.580,-0.028,-1.026,0.000,1.000,0.000,0.000,0.000,0.000,0.000,0.000,0.000,0.000,"",
8.280,Left,-4.580,-0.028,-1.026,0.000,1.000,0.000,0.000,0.000,0.000,0.000,0.000,0.000,0.000,"",
8.294,Left,-4.580,-0.028,-1.026,0.000,1.000,0.000,0.000,0.000,0.000,0.000,0.000,0.000,0.000,"",
8.308,Left,-4.580,-0.028,-1.026,0.000,1.000,0.000,0.000,0.000,0.000,0.000,0.000,0.000,0.000,"",
8.322,Left,-4.580,-0.028,-1.026,0.000,1.000,0.000,0.000,0.000,0.000,0.000,0.000,0.000,0.000,"",
8.336,Left,-4.580,-0.028,-1.026,0.000,1.000,0.000,0.000,0.000,0.000,0.000,0.000,0.000,0.000,"",
8.350,Left,-4.580,-0.028,-1.026,0.000,1.000,0.000,0.000,0.000,0.000,0.000,0.000,0.000,0.000,"",
8.364,Left,-4.580,-0.028,-1.026,0.000,1.000,0.000,0.000,0.000,0.000,0.000,0.000,0.000,0.000,"",
8.378,Left,-4.580,-0.028,-1.026,0.000,1.000,0.000,0.000,0.000,0.000,0.000,0.000,0.000,0.000,"",
8.392,Left,-4.580,-0.028,-1.026,0.000,1.000,0.000,0.000,0.000,0.000,0.000,0.000,0.000,0.000,"",
8.406,Left,-4.580,-0.028,-1.026,0.000,1.000,0.000,0.000,0.000,0.000,0.000,0.000,0.000,0.000,"",
8.420,Left,-4.580,-0.028,-1.026,0.000,1.000,0.000,0.000,0.000,0.000,0.000,0.000,0.000,0.000,"",
8.433,Left,-4.580,-0.028,-1.026,0.000,1.000,0.000,0.000,0.000,0.000,0.000,0.000,0.000,0.000,"",
8.448,Left,-4.580,-0.028,-1.026,0.000,1.000,0.000,0.000,0.000,0.000,0.000,0.000,0.000,0.000,"",
8.462,Left,-4.580,-0.028,-1.026,0.000,1.000,0.000,0.000,0.000,0.000,0.000,0.000,0.000,0.000,"",
8.476,Left,-4.580,-0.028,-1.026,0.000,1.000,0.000,0.000,0.000,0.000,0.000,0.000,0.000,0.000,"",
8.489,Left,-4.580,-0.028,-1.026,0.000,1.000,0.000,0.000,0.000,0.000,0.000,0.000,0.000,0.000,"",
8.503,Left,-4.580,-0.028,-1.026,0.000,1.000,0.000,0.000,0.000,0.000,0.000,0.000,0.000,0.000,"",
8.517,Left,-4.580,-0.028,-1.026,0.000,1.000,0.000,0.000,0.000,0.000,0.000,0.000,0.000,0.000,"",
8.531,Left,-4.580,-0.028,-1.026,0.000,1.000,0.000,0.000,0.000,0.000,0.000,0.000,0.000,0.000,"",
8.545,Left,-4.580,-0.028,-1.026,0.000,1.000,0.000,0.000,0.000,0.000,0.000,0.000,0.000,0.000,"",
8.559,Left,-4.580,-0.028,-1.026,0.000,1.000,0.000,0.000,0.000,0.000,0.000,0.000,0.000,0.000,"",
8.583,Left,-4.580,-0.028,-1.026,0.000,1.000,0.000,0.000,0.000,0.000,0.000,0.000,0.000,0.000,"",
8.590,Left,-4.580,-0.028,-1.026,0.000,1.000,0.000,0.000,0.000,0.000,0.000,0.000,0.000,0.000,"",
8.601,Left,-4.580,-0.028,-1.026,0.000,1.000,0.000,0.000,0.000,0.000,0.000,0.000,0.000,0.000,"",
8.617,Left,-4.580,-0.028,-1.026,0.000,1.000,0.000,0.000,0.000,0.000,0.000,0.000,0.000,0.000,"",
8.630,Left,-4.580,-0.028,-1.026,0.000,1.000,0.000,0.000,0.000,0.000,0.000,0.000,0.000,0.000,"",
8.644,Left,-4.580,-0.028,-1.026,0.000,1.000,0.000,0.000,0.000,0.000,0.000,0.000,0.000,0.000,"",
8.658,Left,-4.580,-0.028,-1.026,0.000,1.000,0.000,0.000,0.000,0.000,0.000,0.000,0.000,0.000,"",
8.671,Left,-4.580,-0.028,-1.026,0.000,1.000,0.000,0.000,0.000,0.000,0.000,0.000,0.000,0.000,"",
8.686,Left,-4.580,-0.028,-1.026,0.000,1.000,0.000,0.000,0.000,0.000,0.000,0.000,0.000,0.000,"",
8.699,Left,-4.580,-0.028,-1.026,0.000,1.000,0.000,0.000,0.000,0.000,0.000,0.000,0.000,0.000,"",
8.712,Left,-4.580,-0.028,-1.026,0.000,1.000,0.000,0.000,0.000,0.000,0.000,0.000,0.000,0.000,"",
8.727,Left,-4.580,-0.028,-1.026,0.000,1.000,0.000,0.000,0.000,0.000,0.000,0.000,0.000,0.000,"",
8.740,Left,-4.580,-0.028,-1.026,0.000,1.000,0.000,0.000,0.000,0.000,0.000,0.000,0.000,0.000,"",
8.754,Left,-4.580,-0.028,-1.026,0.000,1.000,0.000,0.000,0.000,0.000,0.000,0.000,0.000,0.000,"",
8.767,Left,-4.580,-0.028,-1.026,0.000,1.000,0.000,0.000,0.000,0.000,0.000,0.000,0.000,0.000,"",
8.781,Left,-4.580,-0.028,-1.026,0.000,1.000,0.000,0.000,0.000,0.000,0.000,0.000,0.000,0.000,"",
8.795,Left,-4.580,-0.028,-1.026,0.000,1.000,0.000,0.000,0.000,0.000,0.000,0.000,0.000,0.000,"",
8.809,Left,-4.580,-0.028,-1.026,0.000,1.000,0.000,0.000,0.000,0.000,0.000,0.000,0.000,0.000,"",
8.823,Left,-4.580,-0.028,-1.026,0.000,1.000,0.000,0.000,0.000,0.000,0.000,0.000,0.000,0.000,"",
8.837,Left,-4.580,-0.028,-1.026,0.000,1.000,0.000,0.000,0.000,0.000,0.000,0.000,0.000,0.000,"",
8.852,Left,-4.580,-0.028,-1.026,0.000,1.000,0.000,0.000,0.000,0.000,0.000,0.000,0.000,0.000,"",
8.865,Left,-4.580,-0.028,-1.026,0.000,1.000,0.000,0.000,0.000,0.000,0.000,0.000,0.000,0.000,"",
8.878,Left,-4.580,-0.028,-1.026,0.000,1.000,0.000,0.000,0.000,0.000,0.000,0.000,0.000,0.000,"",
8.892,Left,-4.580,-0.028,-1.026,0.000,1.000,0.000,0.000,0.000,0.000,0.000,0.000,0.000,0.000,"",
8.906,Left,-4.580,-0.028,-1.026,0.000,1.000,0.000,0.000,0.000,0.000,0.000,0.000,0.000,0.000,"",
8.920,Left,-4.580,-0.028,-1.026,0.000,1.000,0.000,0.000,0.000,0.000,0.000,0.000,0.000,0.000,"",
8.934,Left,-4.580,-0.028,-1.026,0.000,1.000,0.000,0.000,0.000,0.000,0.000,0.000,0.000,0.000,"",
8.947,Left,-4.580,-0.028,-1.026,0.000,1.000,0.000,0.000,0.000,0.000,0.000,0.000,0.000,0.000,"",
8.962,Left,-4.580,-0.028,-1.026,0.000,1.000,0.000,0.000,0.000,0.000,0.000,0.000,0.000,0.000,"",
8.976,Left,-4.580,-0.028,-1.026,0.000,1.000,0.000,0.000,0.000,0.000,0.000,0.000,0.000,0.000,"",
8.990,Left,-4.580,-0.028,-1.026,0.000,1.000,0.000,0.000,0.000,0.000,0.000,0.000,0.000,0.000,"",
9.004,Left,-4.580,-0.028,-1.026,0.000,1.000,0.000,0.000,0.000,0.000,0.000,0.000,0.000,0.000,"",
9.018,Left,-4.580,-0.028,-1.026,0.000,1.000,0.000,0.000,0.000,0.000,0.000,0.000,0.000,0.000,"",
9.031,Left,-4.580,-0.028,-1.026,0.000,1.000,0.000,0.000,0.000,0.000,0.000,0.000,0.000,0.000,"",
9.048,Left,-4.580,-0.028,-1.026,0.000,1.000,0.000,0.000,0.000,0.000,0.000,0.000,0.000,0.000,"",
9.059,Left,-4.580,-0.028,-1.026,0.000,1.000,0.000,0.000,0.000,0.000,0.000,0.000,0.000,0.000,"",
9.072,Left,-4.580,-0.028,-1.026,0.000,1.000,0.000,0.000,0.000,0.000,0.000,0.000,0.000,0.000,"",
9.087,Left,-4.580,-0.028,-1.026,0.000,1.000,0.000,0.000,0.000,0.000,0.000,0.000,0.000,0.000,"",
9.101,Left,-4.580,-0.028,-1.026,0.000,1.000,0.000,0.000,0.000,0.000,0.000,0.000,0.000,0.000,"",
9.115,Left,-4.580,-0.028,-1.026,0.000,1.000,0.000,0.000,0.000,0.000,0.000,0.000,0.000,0.000,"",
9.128,Left,-4.580,-0.028,-1.026,0.000,1.000,0.000,0.000,0.000,0.000,0.000,0.000,0.000,0.000,"",
9.143,Left,-4.580,-0.028,-1.026,0.000,1.000,0.000,0.000,0.000,0.000,0.000,0.000,0.000,0.000,"",
9.157,Left,-4.580,-0.028,-1.026,0.000,1.000,0.000,0.000,0.000,0.000,0.000,0.000,0.000,0.000,"",
9.170,Left,-4.580,-0.028,-1.026,0.000,1.000,0.000,0.000,0.000,0.000,0.000,0.000,0.000,0.000,"",
9.185,Left,-4.580,-0.028,-1.026,0.000,1.000,0.000,0.000,0.000,0.000,0.000,0.000,0.000,0.000,"",
9.199,Left,-4.580,-0.028,-1.026,0.000,1.000,0.000,0.000,0.000,0.000,0.000,0.000,0.000,0.000,"",
9.212,Left,-4.580,-0.028,-1.026,0.000,1.000,0.000,0.000,0.000,0.000,0.000,0.000,0.000,0.000,"",
9.227,Left,-4.580,-0.028,-1.026,0.000,1.000,0.000,0.000,0.000,0.000,0.000,0.000,0.000,0.000,"",
9.240,Left,-4.580,-0.028,-1.026,0.000,1.000,0.000,0.000,0.000,0.000,0.000,0.000,0.000,0.000,"",
9.255,Left,-4.580,-0.028,-1.026,0.000,1.000,0.000,0.000,0.000,0.000,0.000,0.000,0.000,0.000,"",
9.268,Left,-4.580,-0.028,-1.026,0.000,1.000,0.000,0.000,0.000,0.000,0.000,0.000,0.000,0.000,"",
9.282,Left,-4.580,-0.028,-1.026,0.000,1.000,0.000,0.000,0.000,0.000,0.000,0.000,0.000,0.000,"",
9.296,Left,-4.580,-0.028,-1.026,0.000,1.000,0.000,0.000,0.000,0.000,0.000,0.000,0.000,0.000,"",
9.310,Left,-4.580,-0.028,-1.026,0.000,1.000,0.000,0.000,0.000,0.000,0.000,0.000,0.000,0.000,"",
9.324,Left,-4.580,-0.028,-1.026,0.000,1.000,0.000,0.000,0.000,0.000,0.000,0.000,0.000,0.000,"",
9.338,Left,-4.580,-0.028,-1.026,0.000,1.000,0.000,0.000,0.000,0.000,0.000,0.000,0.000,0.000,"",
9.351,Left,-4.580,-0.028,-1.026,0.000,1.000,0.000,0.000,0.000,0.000,0.000,0.000,0.000,0.000,"",
9.366,Left,-4.580,-0.028,-1.026,0.000,1.000,0.000,0.000,0.000,0.000,0.000,0.000,0.000,0.000,"",
9.380,Left,-4.580,-0.028,-1.026,0.000,1.000,0.000,0.000,0.000,0.000,0.000,0.000,0.000,0.000,"",
9.393,Left,-4.580,-0.028,-1.026,0.000,1.000,0.000,0.000,0.000,0.000,0.000,0.000,0.000,0.000,"",
9.408,Left,-4.580,-0.028,-1.026,0.000,1.000,0.000,0.000,0.000,0.000,0.000,0.000,0.000,0.000,"",
9.422,Left,-4.580,-0.028,-1.026,0.000,1.000,0.000,0.000,0.000,0.000,0.000,0.000,0.000,0.000,"",
9.436,Left,-4.580,-0.028,-1.026,0.000,1.000,0.000,0.000,0.000,0.000,0.000,0.000,0.000,0.000,"",
9.449,Left,-4.580,-0.028,-1.026,0.000,1.000,0.000,0.000,0.000,0.000,0.000,0.000,0.000,0.000,"",
9.464,Left,-4.580,-0.028,-1.026,0.000,1.000,0.000,0.000,0.000,0.000,0.000,0.000,0.000,0.000,"",
9.478,Left,-4.580,-0.028,-1.026,0.000,1.000,0.000,0.000,0.000,0.000,0.000,0.000,0.000,0.000,"",
9.491,Left,-4.580,-0.028,-1.026,0.000,1.000,0.000,0.000,0.000,0.000,0.000,0.000,0.000,0.000,"",
9.505,Left,-4.580,-0.028,-1.026,0.000,1.000,0.000,0.000,0.000,0.000,0.000,0.000,0.000,0.000,"",
9.519,Left,-4.580,-0.028,-1.026,0.000,1.000,0.000,0.000,0.000,0.000,0.000,0.000,0.000,0.000,"",
9.533,Left,-4.580,-0.028,-1.026,0.000,1.000,0.000,0.000,0.000,0.000,0.000,0.000,0.000,0.000,"",
9.547,Left,-4.580,-0.028,-1.026,0.000,1.000,0.000,0.000,0.000,0.000,0.000,0.000,0.000,0.000,"",
9.561,Left,-4.580,-0.028,-1.026,0.000,1.000,0.000,0.000,0.000,0.000,0.000,0.000,0.000,0.000,"",
9.575,Left,-4.580,-0.028,-1.026,0.000,1.000,0.000,0.000,0.000,0.000,0.000,0.000,0.000,0.000,"",
9.589,Left,-4.580,-0.028,-1.026,0.000,1.000,0.000,0.000,0.000,0.000,0.000,0.000,0.000,0.000,"",
9.603,Left,-4.580,-0.028,-1.026,0.000,1.000,0.000,0.000,0.000,0.000,0.000,0.000,0.000,0.000,"",
9.617,Left,-4.580,-0.028,-1.026,0.000,1.000,0.000,0.000,0.000,0.000,0.000,0.000,0.000,0.000,"",
9.630,Left,-4.580,-0.028,-1.026,0.000,1.000,0.000,0.000,0.000,0.000,0.000,0.000,0.000,0.000,"",
9.644,Left,-4.580,-0.028,-1.026,0.000,1.000,0.000,0.000,0.000,0.000,0.000,0.000,0.000,0.000,"",
9.658,Left,-4.580,-0.028,-1.026,0.000,1.000,0.000,0.000,0.000,0.000,0.000,0.000,0.000,0.000,"",
9.673,Left,-4.580,-0.028,-1.026,0.000,1.000,0.000,0.000,0.000,0.000,0.000,0.000,0.000,0.000,"",
9.687,Left,-4.580,-0.028,-1.026,0.000,1.000,0.000,0.000,0.000,0.000,0.000,0.000,0.000,0.000,"",
9.700,Left,-4.580,-0.028,-1.026,0.000,1.000,0.000,0.000,0.000,0.000,0.000,0.000,0.000,0.000,"",
9.714,Left,-4.580,-0.028,-1.026,0.000,1.000,0.000,0.000,0.000,0.000,0.000,0.000,0.000,0.000,"",
9.728,Left,-4.580,-0.028,-1.026,0.000,1.000,0.000,0.000,0.000,0.000,0.000,0.000,0.000,0.000,"",
9.742,Left,-4.580,-0.028,-1.026,0.000,1.000,0.000,0.000,0.000,0.000,0.000,0.000,0.000,0.000,"",
9.756,Left,-4.580,-0.028,-1.026,0.000,1.000,0.000,0.000,0.000,0.000,0.000,0.000,0.000,0.000,"",
9.769,Left,-4.580,-0.028,-1.026,0.000,1.000,0.000,0.000,0.000,0.000,0.000,0.000,0.000,0.000,"",
9.784,Left,-4.580,-0.028,-1.026,0.000,1.000,0.000,0.000,0.000,0.000,0.000,0.000,0.000,0.000,"",
9.798,Left,-4.580,-0.028,-1.026,0.000,1.000,0.000,0.000,0.000,0.000,0.000,0.000,0.000,0.000,"",
9.811,Left,-4.580,-0.028,-1.026,0.000,1.000,0.000,0.000,0.000,0.000,0.000,0.000,0.000,0.000,"",
9.826,Left,-4.580,-0.028,-1.026,0.000,1.000,0.000,0.000,0.000,0.000,0.000,0.000,0.000,0.000,"",
9.840,Left,-4.580,-0.028,-1.026,0.000,1.000,0.000,0.000,0.000,0.000,0.000,0.000,0.000,0.000,"",
9.853,Left,-4.580,-0.028,-1.026,0.000,1.000,0.000,0.000,0.000,0.000,0.000,0.000,0.000,0.000,"",
9.868,Left,-4.580,-0.028,-1.026,0.000,1.000,0.000,0.000,0.000,0.000,0.000,0.000,0.000,0.000,"",
9.881,Left,-4.580,-0.028,-1.026,0.000,1.000,0.000,0.000,0.000,0.000,0.000,0.000,0.000,0.000,"",
9.895,Left,-4.580,-0.028,-1.026,0.000,1.000,0.000,0.000,0.000,0.000,0.000,0.000,0.000,0.000,"",
9.909,Left,-4.580,-0.028,-1.026,0.000,1.000,0.000,0.000,0.000,0.000,0.000,0.000,0.000,0.000,"",
9.923,Left,-4.580,-0.028,-1.026,0.000,1.000,0.000,0.000,0.000,0.000,0.000,0.000,0.000,0.000,"",
9.937,Left,-4.580,-0.028,-1.026,0.000,1.000,0.000,0.000,0.000,0.000,0.000,0.000,0.000,0.000,"",
9.951,Left,-4.580,-0.028,-1.026,0.000,1.000,0.000,0.000,0.000,0.000,0.000,0.000,0.000,0.000,"",
9.965,Left,-4.580,-0.028,-1.026,0.000,1.000,0.000,0.000,0.000,0.000,0.000,0.000,0.000,0.000,"",
9.979,Left,-4.580,-0.028,-1.026,0.000,1.000,0.000,0.000,0.000,0.000,0.000,0.000,0.000,0.000,"",
9.992,Left,-4.580,-0.028,-1.026,0.000,1.000,0.000,0.000,0.000,0.000,0.000,0.000,0.000,0.000,"",
10.007,Left,-4.580,-0.028,-1.026,0.000,1.000,0.000,0.000,0.000,0.000,0.000,0.000,0.000,0.000,"",
10.021,Left,-4.580,-0.028,-1.026,0.000,1.000,0.000,0.000,0.000,0.000,0.000,0.000,0.000,0.000,"",
10.035,Left,-4.580,-0.028,-1.026,0.000,1.000,0.000,0.000,0.000,0.000,0.000,0.000,0.000,0.000,"",
10.049,Left,-4.580,-0.028,-1.026,0.000,1.000,0.000,0.000,0.000,0.000,0.000,0.000,0.000,0.000,"",
10.063,Left,-4.580,-0.028,-1.026,0.000,1.000,0.000,0.000,0.000,0.000,0.000,0.000,0.000,0.000,"",
10.076,Left,-4.580,-0.028,-1.026,0.000,1.000,0.000,0.000,0.000,0.000,0.000,0.000,0.000,0.000,"",
10.090,Left,-4.580,-0.028,-1.026,0.000,1.000,0.000,0.000,0.000,0.000,0.000,0.000,0.000,0.000,"",
10.104,Left,-4.580,-0.028,-1.026,0.000,1.000,0.000,0.000,0.000,0.000,0.000,0.000,0.000,0.000,"",
10.118,Left,-4.580,-0.028,-1.026,0.000,1.000,0.000,0.000,0.000,0.000,0.000,0.000,0.000,0.000,"",
10.131,Left,-4.580,-0.028,-1.026,0.000,1.000,0.000,0.000,0.000,0.000,0.000,0.000,0.000,0.000,"",
10.146,Left,-4.580,-0.028,-1.026,0.000,1.000,0.000,0.000,0.000,0.000,0.000,0.000,0.000,0.000,"",
10.160,Left,-4.580,-0.028,-1.026,0.000,1.000,0.000,0.000,0.000,0.000,0.000,0.000,0.000,0.000,"",
10.173,Left,-4.580,-0.028,-1.026,0.000,1.000,0.000,0.000,0.000,0.000,0.000,0.000,0.000,0.000,"",
10.188,Left,-4.580,-0.028,-1.026,0.000,1.000,0.000,0.000,0.000,0.000,0.000,0.000,0.000,0.000,"",
10.202,Left,-4.580,-0.028,-1.026,0.000,1.000,0.000,0.000,0.000,0.000,0.000,0.000,0.000,0.000,"",
10.215,Left,-4.580,-0.028,-1.026,0.000,1.000,0.000,0.000,0.000,0.000,0.000,0.000,0.000,0.000,"",
10.229,Left,-4.580,-0.028,-1.026,0.000,1.000,0.000,0.000,0.000,0.000,0.000,0.000,0.000,0.000,"",
10.244,Left,-4.580,-0.028,-1.026,0.000,1.000,0.000,0.000,0.000,0.000,0.000,0.000,0.000,0.000,"",
10.258,Left,-4.580,-0.028,-1.026,0.000,1.000,0.000,0.000,0.000,0.000,0.000,0.000,0.000,0.000,"",
10.272,Left,-4.580,-0.028,-1.026,0.000,1.000,0.000,0.000,0.000,0.000,0.000,0.000,0.000,0.000,"",
10.285,Left,-4.580,-0.028,-1.026,0.000,1.000,0.000,0.000,0.000,0.000,0.000,0.000,0.000,0.000,"",
10.299,Left,-4.580,-0.028,-1.026,0.000,1.000,0.000,0.000,0.000,0.000,0.000,0.000,0.000,0.000,"",
10.313,Left,-4.580,-0.028,-1.026,0.000,1.000,0.000,0.000,0.000,0.000,0.000,0.000,0.000,0.000,"",
10.327,Left,-4.580,-0.028,-1.026,0.000,1.000,0.000,0.000,0.000,0.000,0.000,0.000,0.000,0.000,"",
10.345,Left,-4.580,-0.028,-1.026,0.000,1.000,0.000,0.000,0.000,0.000,0.000,0.000,0.000,0.000,"",
10.355,Left,-4.580,-0.028,-1.026,0.000,1.000,0.000,0.000,0.000,0.000,0.000,0.000,0.000,0.000,"",
10.370,Left,-4.580,-0.028,-1.026,0.000,1.000,0.000,0.000,0.000,0.000,0.000,0.000,0.000,0.000,"",
10.384,Left,-4.580,-0.028,-1.026,0.000,1.000,0.000,0.000,0.000,0.000,0.000,0.000,0.000,0.000,"",
10.398,Left,-4.580,-0.028,-1.026,0.000,1.000,0.000,0.000,0.000,0.000,0.000,0.000,0.000,0.000,"",
10.411,Left,-4.580,-0.028,-1.026,0.000,1.000,0.000,0.000,0.000,0.000,0.000,0.000,0.000,0.000,"",
10.425,Left,-4.580,-0.028,-1.026,0.000,1.000,0.000,0.000,0.000,0.000,0.000,0.000,0.000,0.000,"",
10.439,Left,-4.580,-0.028,-1.026,0.000,1.000,0.000,0.000,0.000,0.000,0.000,0.000,0.000,0.000,"",
10.452,Left,-4.580,-0.028,-1.026,0.000,1.000,0.000,0.000,0.000,0.000,0.000,0.000,0.000,0.000,"",
10.467,Left,-4.580,-0.028,-1.026,0.000,1.000,0.000,0.000,0.000,0.000,0.000,0.000,0.000,0.000,"",
10.480,Left,-4.580,-0.028,-1.026,0.000,1.000,0.000,0.000,0.000,0.000,0.000,0.000,0.000,0.000,"",
10.494,Left,-4.580,-0.028,-1.026,0.000,1.000,0.000,0.000,0.000,0.000,0.000,0.000,0.000,0.000,"",
10.508,Left,-4.580,-0.028,-1.026,0.000,1.000,0.000,0.000,0.000,0.000,0.000,0.000,0.000,0.000,"",
10.522,Left,-4.580,-0.028,-1.026,0.000,1.000,0.000,0.000,0.000,0.000,0.000,0.000,0.000,0.000,"",
10.536,Left,-4.580,-0.028,-1.026,0.000,1.000,0.000,0.000,0.000,0.000,0.000,0.000,0.000,0.000,"",
10.549,Left,-4.580,-0.028,-1.026,0.000,1.000,0.000,0.000,0.000,0.000,0.000,0.000,0.000,0.000,"",
10.564,Left,-4.580,-0.028,-1.026,0.000,1.000,0.000,0.000,0.000,0.000,0.000,0.000,0.000,0.000,"",
10.578,Left,-4.580,-0.028,-1.026,0.000,1.000,0.000,0.000,0.000,0.000,0.000,0.000,0.000,0.000,"",
10.591,Left,-4.580,-0.028,-1.026,0.000,1.000,0.000,0.000,0.000,0.000,0.000,0.000,0.000,0.000,"",
10.605,Left,-4.580,-0.028,-1.026,0.000,1.000,0.000,0.000,0.000,0.000,0.000,0.000,0.000,0.000,"",
10.619,Left,-4.580,-0.028,-1.026,0.000,1.000,0.000,0.000,0.000,0.000,0.000,0.000,0.000,0.000,"",
10.633,Left,-4.580,-0.028,-1.026,0.000,1.000,0.000,0.000,0.000,0.000,0.000,0.000,0.000,0.000,"",
10.647,Left,-4.580,-0.028,-1.026,0.000,1.000,0.000,0.000,0.000,0.000,0.000,0.000,0.000,0.000,"",
10.661,Left,-4.580,-0.028,-1.026,0.000,1.000,0.000,0.000,0.000,0.000,0.000,0.000,0.000,0.000,"",
10.675,Left,-4.580,-0.028,-1.026,0.000,1.000,0.000,0.000,0.000,0.000,0.000,0.000,0.000,0.000,"",
10.688,Left,-4.580,-0.028,-1.026,0.000,1.000,0.000,0.000,0.000,0.000,0.000,0.000,0.000,0.000,"",
10.703,Left,-4.580,-0.028,-1.026,0.000,1.000,0.000,0.000,0.000,0.000,0.000,0.000,0.000,0.000,"",
10.717,Left,-4.580,-0.028,-1.026,0.000,1.000,0.000,0.000,0.000,0.000,0.000,0.000,0.000,0.000,"",
10.731,Left,-4.580,-0.028,-1.026,0.000,1.000,0.000,0.000,0.000,0.000,0.000,0.000,0.000,0.000,"",
10.744,Left,-4.580,-0.028,-1.026,0.000,1.000,0.000,0.000,0.000,0.000,0.000,0.000,0.000,0.000,"",
10.758,Left,-4.580,-0.028,-1.026,0.000,1.000,0.000,0.000,0.000,0.000,0.000,0.000,0.000,0.000,"",
10.772,Left,-4.580,-0.028,-1.026,0.000,1.000,0.000,0.000,0.000,0.000,0.000,0.000,0.000,0.000,"",
10.786,Left,-4.580,-0.028,-1.026,0.000,1.000,0.000,0.000,0.000,0.000,0.000,0.000,0.000,0.000,"",
10.800,Left,-4.580,-0.028,-1.026,0.000,1.000,0.000,0.000,0.000,0.000,0.000,0.000,0.000,0.000,"",
10.814,Left,-4.580,-0.028,-1.026,0.000,1.000,0.000,0.000,0.000,0.000,0.000,0.000,0.000,0.000,"",
10.828,Left,-4.580,-0.028,-1.026,0.000,1.000,0.000,0.000,0.000,0.000,0.000,0.000,0.000,0.000,"",
10.842,Left,-4.580,-0.028,-1.026,0.000,1.000,0.000,0.000,0.000,0.000,0.000,0.000,0.000,0.000,"",
10.856,Left,-4.580,-0.028,-1.026,0.000,1.000,0.000,0.000,0.000,0.000,0.000,0.000,0.000,0.000,"",
10.869,Left,-4.580,-0.028,-1.026,0.000,1.000,0.000,0.000,0.000,0.000,0.000,0.000,0.000,0.000,"",
10.884,Left,-4.580,-0.028,-1.026,0.000,1.000,0.000,0.000,0.000,0.000,0.000,0.000,0.000,0.000,"",
10.897,Left,-4.580,-0.028,-1.026,0.000,1.000,0.000,0.000,0.000,0.000,0.000,0.000,0.000,0.000,"",
10.911,Left,-4.580,-0.028,-1.026,0.000,1.000,0.000,0.000,0.000,0.000,0.000,0.000,0.000,0.000,"",
10.925,Left,-4.580,-0.028,-1.026,0.000,1.000,0.000,0.000,0.000,0.000,0.000,0.000,0.000,0.000,"",
10.940,Left,-4.580,-0.028,-1.026,0.000,1.000,0.000,0.000,0.000,0.000,0.000,0.000,0.000,0.000,"",
10.953,Left,-4.580,-0.028,-1.026,0.000,1.000,0.000,0.000,0.000,0.000,0.000,0.000,0.000,0.000,"",
10.967,Left,-4.580,-0.028,-1.026,0.000,1.000,0.000,0.000,0.000,0.000,0.000,0.000,0.000,0.000,"",
10.981,Left,-4.580,-0.028,-1.026,0.000,1.000,0.000,0.000,0.000,0.000,0.000,0.000,0.000,0.000,"",
10.995,Left,-4.580,-0.028,-1.026,0.000,1.000,0.000,0.000,0.000,0.000,0.000,0.000,0.000,0.000,"",
11.009,Left,-4.580,-0.028,-1.026,0.000,1.000,0.000,0.000,0.000,0.000,0.000,0.000,0.000,0.000,"",
11.023,Left,-4.580,-0.028,-1.026,0.000,1.000,0.000,0.000,0.000,0.000,0.000,0.000,0.000,0.000,"",
11.037,Left,-4.580,-0.028,-1.026,0.000,1.000,0.000,0.000,0.000,0.000,0.000,0.000,0.000,0.000,"",
11.050,Left,-4.580,-0.028,-1.026,0.000,1.000,0.000,0.000,0.000,0.000,0.000,0.000,0.000,0.000,"",
11.065,Left,-4.580,-0.028,-1.026,0.000,1.000,0.000,0.000,0.000,0.000,0.000,0.000,0.000,0.000,"",
11.079,Left,-4.580,-0.028,-1.026,0.000,1.000,0.000,0.000,0.000,0.000,0.000,0.000,0.000,0.000,"",
11.093,Left,-4.580,-0.028,-1.026,0.000,1.000,0.000,0.000,0.000,0.000,0.000,0.000,0.000,0.000,"",
11.107,Left,-4.580,-0.028,-1.026,0.000,1.000,0.000,0.000,0.000,0.000,0.000,0.000,0.000,0.000,"",
11.121,Left,-4.580,-0.028,-1.026,0.000,1.000,0.000,0.000,0.000,0.000,0.000,0.000,0.000,0.000,"",
11.134,Left,-4.580,-0.028,-1.026,0.000,1.000,0.000,0.000,0.000,0.000,0.000,0.000,0.000,0.000,"",
11.148,Left,-4.580,-0.028,-1.026,0.000,1.000,0.000,0.000,0.000,0.000,0.000,0.000,0.000,0.000,"",
11.162,Left,-4.580,-0.028,-1.026,0.000,1.000,0.000,0.000,0.000,0.000,0.000,0.000,0.000,0.000,"",
11.176,Left,-4.580,-0.028,-1.026,0.000,1.000,0.000,0.000,0.000,0.000,0.000,0.000,0.000,0.000,"",
11.190,Left,-4.580,-0.028,-1.026,0.000,1.000,0.000,0.000,0.000,0.000,0.000,0.000,0.000,0.000,"",
11.204,Left,-4.580,-0.028,-1.026,0.000,1.000,0.000,0.000,0.000,0.000,0.000,0.000,0.000,0.000,"",
11.218,Left,-4.580,-0.028,-1.026,0.000,1.000,0.000,0.000,0.000,0.000,0.000,0.000,0.000,0.000,"",
11.231,Left,-4.580,-0.028,-1.026,0.000,1.000,0.000,0.000,0.000,0.000,0.000,0.000,0.000,0.000,"",
11.245,Left,-4.580,-0.028,-1.026,0.000,1.000,0.000,0.000,0.000,0.000,0.000,0.000,0.000,0.000,"",
11.260,Left,-4.580,-0.028,-1.026,0.000,1.000,0.000,0.000,0.000,0.000,0.000,0.000,0.000,0.000,"",
11.273,Left,-4.580,-0.028,-1.026,0.000,1.000,0.000,0.000,0.000,0.000,0.000,0.000,0.000,0.000,"",
11.288,Left,-4.580,-0.028,-1.026,0.000,1.000,0.000,0.000,0.000,0.000,0.000,0.000,0.000,0.000,"",
11.302,Left,-4.580,-0.028,-1.026,0.000,1.000,0.000,0.000,0.000,0.000,0.000,0.000,0.000,0.000,"",
11.316,Left,-4.580,-0.028,-1.026,0.000,1.000,0.000,0.000,0.000,0.000,0.000,0.000,0.000,0.000,"",
11.328,Left,-4.580,-0.028,-1.026,0.000,1.000,0.000,0.000,0.000,0.000,0.000,0.000,0.000,0.000,"",
11.343,Left,-4.580,-0.028,-1.026,0.000,1.000,0.000,0.000,0.000,0.000,0.000,0.000,0.000,0.000,"",
11.357,Left,-4.580,-0.028,-1.026,0.000,1.000,0.000,0.000,0.000,0.000,0.000,0.000,0.000,0.000,"",
11.370,Left,-4.580,-0.028,-1.026,0.000,1.000,0.000,0.000,0.000,0.000,0.000,0.000,0.000,0.000,"",
11.385,Left,-4.580,-0.028,-1.026,0.000,1.000,0.000,0.000,0.000,0.000,0.000,0.000,0.000,0.000,"",
11.399,Left,-4.580,-0.028,-1.026,0.000,1.000,0.000,0.000,0.000,0.000,0.000,0.000,0.000,0.000,"",
11.412,Left,-4.580,-0.028,-1.026,0.000,1.000,0.000,0.000,0.000,0.000,0.000,0.000,0.000,0.000,"",
11.427,Left,-4.580,-0.028,-1.026,0.000,1.000,0.000,0.000,0.000,0.000,0.000,0.000,0.000,0.000,"",
11.441,Left,-4.580,-0.028,-1.026,0.000,1.000,0.000,0.000,0.000,0.000,0.000,0.000,0.000,0.000,"",
11.455,Left,-4.580,-0.028,-1.026,0.000,1.000,0.000,0.000,0.000,0.000,0.000,0.000,0.000,0.000,"",
11.468,Left,-4.580,-0.028,-1.026,0.000,1.000,0.000,0.000,0.000,0.000,0.000,0.000,0.000,0.000,"",
11.482,Left,-4.580,-0.028,-1.026,0.000,1.000,0.000,0.000,0.000,0.000,0.000,0.000,0.000,0.000,"",
11.496,Left,-4.580,-0.028,-1.026,0.000,1.000,0.000,0.000,0.000,0.000,0.000,0.000,0.000,0.000,"",
11.510,Left,-4.580,-0.028,-1.026,0.000,1.000,0.000,0.000,0.000,0.000,0.000,0.000,0.000,0.000,"",
11.524,Left,-4.580,-0.028,-1.026,0.000,1.000,0.000,0.000,0.000,0.000,0.000,0.000,0.000,0.000,"",
11.538,Left,-4.580,-0.028,-1.026,0.000,1.000,0.000,0.000,0.000,0.000,0.000,0.000,0.000,0.000,"",
11.552,Left,-4.580,-0.028,-1.026,0.000,1.000,0.000,0.000,0.000,0.000,0.000,0.000,0.000,0.000,"",
11.566,Left,-4.580,-0.028,-1.026,0.000,1.000,0.000,0.000,0.000,0.000,0.000,0.000,0.000,0.000,"",
11.580,Left,-4.580,-0.028,-1.026,0.000,1.000,0.000,0.000,0.000,0.000,0.000,0.000,0.000,0.000,"",
11.593,Left,-4.580,-0.028,-1.026,0.000,1.000,0.000,0.000,0.000,0.000,0.000,0.000,0.000,0.000,"",
11.608,Left,-4.580,-0.028,-1.026,0.000,1.000,0.000,0.000,0.000,0.000,0.000,0.000,0.000,0.000,"",
11.622,Left,-4.580,-0.028,-1.026,0.000,1.000,0.000,0.000,0.000,0.000,0.000,0.000,0.000,0.000,"",
11.636,Left,-4.580,-0.028,-1.026,0.000,1.000,0.000,0.000,0.000,0.000,0.000,0.000,0.000,0.000,"",
11.649,Left,-4.580,-0.028,-1.026,0.000,1.000,0.000,0.000,0.000,0.000,0.000,0.000,0.000,0.000,"",
11.664,Left,-4.580,-0.028,-1.026,0.000,1.000,0.000,0.000,0.000,0.000,0.000,0.000,0.000,0.000,"",
11.679,Left,-4.580,-0.028,-1.026,0.000,1.000,0.000,0.000,0.000,0.000,0.000,0.000,0.000,0.000,"",
11.692,Left,-4.580,-0.028,-1.026,0.000,1.000,0.000,0.000,0.000,0.000,0.000,0.000,0.000,0.000,"",
11.706,Left,-4.580,-0.028,-1.026,0.000,1.000,0.000,0.000,0.000,0.000,0.000,0.000,0.000,0.000,"",
11.719,Left,-4.580,-0.028,-1.026,0.000,1.000,0.000,0.000,0.000,0.000,0.000,0.000,0.000,0.000,"",
11.733,Left,-4.580,-0.028,-1.026,0.000,1.000,0.000,0.000,0.000,0.000,0.000,0.000,0.000,0.000,"",
11.747,Left,-4.580,-0.028,-1.026,0.000,1.000,0.000,0.000,0.000,0.000,0.000,0.000,0.000,0.000,"",
11.761,Left,-4.580,-0.028,-1.026,0.000,1.000,0.000,0.000,0.000,0.000,0.000,0.000,0.000,0.000,"",
11.775,Left,-4.580,-0.028,-1.026,0.000,1.000,0.000,0.000,0.000,0.000,0.000,0.000,0.000,0.000,"",
11.788,Left,-4.580,-0.028,-1.026,0.000,1.000,0.000,0.000,0.000,0.000,0.000,0.000,0.000,0.000,"",
11.803,Left,-4.580,-0.028,-1.026,0.000,1.000,0.000,0.000,0.000,0.000,0.000,0.000,0.000,0.000,"",
11.817,Left,-4.580,-0.028,-1.026,0.000,1.000,0.000,0.000,0.000,0.000,0.000,0.000,0.000,0.000,"",
11.830,Left,-4.580,-0.028,-1.026,0.000,1.000,0.000,0.000,0.000,0.000,0.000,0.000,0.000,0.000,"",
11.845,Left,-4.580,-0.028,-1.026,0.000,1.000,0.000,0.000,0.000,0.000,0.000,0.000,0.000,0.000,"",
11.859,Left,-4.580,-0.028,-1.026,0.000,1.000,0.000,0.000,0.000,0.000,0.000,0.000,0.000,0.000,"",
11.872,Left,-4.580,-0.028,-1.026,0.000,1.000,0.000,0.000,0.000,0.000,0.000,0.000,0.000,0.000,"",
11.886,Left,-4.580,-0.028,-1.026,0.000,1.000,0.000,0.000,0.000,0.000,0.000,0.000,0.000,0.000,"",
11.900,Left,-4.580,-0.028,-1.026,0.000,1.000,0.000,0.000,0.000,0.000,0.000,0.000,0.000,0.000,"",
11.914,Left,-4.580,-0.028,-1.026,0.000,1.000,0.000,0.000,0.000,0.000,0.000,0.000,0.000,0.000,"",
11.928,Left,-4.580,-0.028,-1.026,0.000,1.000,0.000,0.000,0.000,0.000,0.000,0.000,0.000,0.000,"",
11.942,Left,-4.580,-0.028,-1.026,0.000,1.000,0.000,0.000,0.000,0.000,0.000,0.000,0.000,0.000,"",
11.956,Left,-4.580,-0.028,-1.026,0.000,1.000,0.000,0.000,0.000,0.000,0.000,0.000,0.000,0.000,"",
11.969,Left,-4.580,-0.028,-1.026,0.000,1.000,0.000,0.000,0.000,0.000,0.000,0.000,0.000,0.000,"",
11.984,Left,-4.580,-0.028,-1.026,0.000,1.000,0.000,0.000,0.000,0.000,0.000,0.000,0.000,0.000,"",
11.998,Left,-4.580,-0.028,-1.026,0.000,1.000,0.000,0.000,0.000,0.000,0.000,0.000,0.000,0.000,"",
12.011,Left,-4.580,-0.028,-1.026,0.000,1.000,0.000,0.000,0.000,0.000,0.000,0.000,0.000,0.000,"",
12.025,Left,-4.580,-0.028,-1.026,0.000,1.000,0.000,0.000,0.000,0.000,0.000,0.000,0.000,0.000,"",
12.040,Left,-4.580,-0.028,-1.026,0.000,1.000,0.000,0.000,0.000,0.000,0.000,0.000,0.000,0.000,"",
12.053,Left,-4.580,-0.028,-1.026,0.000,1.000,0.000,0.000,0.000,0.000,0.000,0.000,0.000,0.000,"",
12.067,Left,-4.580,-0.028,-1.026,0.000,1.000,0.000,0.000,0.000,0.000,0.000,0.000,0.000,0.000,"",
12.081,Left,-4.580,-0.028,-1.026,0.000,1.000,0.000,0.000,0.000,0.000,0.000,0.000,0.000,0.000,"",
12.095,Left,-4.580,-0.028,-1.026,0.000,1.000,0.000,0.000,0.000,0.000,0.000,0.000,0.000,0.000,"",
12.109,Left,-4.580,-0.028,-1.026,0.000,1.000,0.000,0.000,0.000,0.000,0.000,0.000,0.000,0.000,"",
12.124,Left,-4.580,-0.028,-1.026,0.000,1.000,0.000,0.000,0.000,0.000,0.000,0.000,0.000,0.000,"",
12.137,Left,-4.580,-0.028,-1.026,0.000,1.000,0.000,0.000,0.000,0.000,0.000,0.000,0.000,0.000,"",
12.151,Left,-4.580,-0.028,-1.026,0.000,1.000,0.000,0.000,0.000,0.000,0.000,0.000,0.000,0.000,"",
12.165,Left,-4.580,-0.028,-1.026,0.000,1.000,0.000,0.000,0.000,0.000,0.000,0.000,0.000,0.000,"",
12.179,Left,-4.580,-0.028,-1.026,0.000,1.000,0.000,0.000,0.000,0.000,0.000,0.000,0.000,0.000,"",
12.192,Left,-4.580,-0.028,-1.026,0.000,1.000,0.000,0.000,0.000,0.000,0.000,0.000,0.000,0.000,"",
12.206,Left,-4.580,-0.028,-1.026,0.000,1.000,0.000,0.000,0.000,0.000,0.000,0.000,0.000,0.000,"",
12.220,Left,-4.580,-0.028,-1.026,0.000,1.000,0.000,0.000,0.000,0.000,0.000,0.000,0.000,0.000,"",
12.234,Left,-4.580,-0.028,-1.026,0.000,1.000,0.000,0.000,0.000,0.000,0.000,0.000,0.000,0.000,"",
12.248,Left,-4.580,-0.028,-1.026,0.000,1.000,0.000,0.000,0.000,0.000,0.000,0.000,0.000,0.000,"",
12.263,Left,-4.580,-0.028,-1.026,0.000,1.000,0.000,0.000,0.000,0.000,0.000,0.000,0.000,0.000,"",
12.276,Left,-4.580,-0.028,-1.026,0.000,1.000,0.000,0.000,0.000,0.000,0.000,0.000,0.000,0.000,"",
12.290,Left,-4.580,-0.028,-1.026,0.000,1.000,0.000,0.000,0.000,0.000,0.000,0.000,0.000,0.000,"",
12.304,Left,-4.580,-0.028,-1.026,0.000,1.000,0.000,0.000,0.000,0.000,0.000,0.000,0.000,0.000,"",
12.318,Left,-4.580,-0.028,-1.026,0.000,1.000,0.000,0.000,0.000,0.000,0.000,0.000,0.000,0.000,"",
12.332,Left,-4.580,-0.028,-1.026,0.000,1.000,0.000,0.000,0.000,0.000,0.000,0.000,0.000,0.000,"",
12.346,Left,-4.580,-0.028,-1.026,0.000,1.000,0.000,0.000,0.000,0.000,0.000,0.000,0.000,0.000,"",
12.360,Left,-4.580,-0.028,-1.026,0.000,1.000,0.000,0.000,0.000,0.000,0.000,0.000,0.000,0.000,"",
12.374,Left,-4.580,-0.028,-1.026,0.000,1.000,0.000,0.000,0.000,0.000,0.000,0.000,0.000,0.000,"",
12.388,Left,-4.580,-0.028,-1.026,0.000,1.000,0.000,0.000,0.000,0.000,0.000,0.000,0.000,0.000,"",
12.401,Left,-4.580,-0.028,-1.026,0.000,1.000,0.000,0.000,0.000,0.000,0.000,0.000,0.000,0.000,"",
12.415,Left,-4.580,-0.028,-1.026,0.000,1.000,0.000,0.000,0.000,0.000,0.000,0.000,0.000,0.000,"",
12.429,Left,-4.580,-0.028,-1.026,0.000,1.000,0.000,0.000,0.000,0.000,0.000,0.000,0.000,0.000,"",
12.443,Left,-4.580,-0.028,-1.026,0.000,1.000,0.000,0.000,0.000,0.000,0.000,0.000,0.000,0.000,"",
12.457,Left,-4.580,-0.028,-1.026,0.000,1.000,0.000,0.000,0.000,0.000,0.000,0.000,0.000,0.000,"",
12.471,Left,-4.580,-0.028,-1.026,0.000,1.000,0.000,0.000,0.000,0.000,0.000,0.000,0.000,0.000,"",
12.485,Left,-4.580,-0.028,-1.026,0.000,1.000,0.000,0.000,0.000,0.000,0.000,0.000,0.000,0.000,"",
12.499,Left,-4.580,-0.028,-1.026,0.000,1.000,0.000,0.000,0.000,0.000,0.000,0.000,0.000,0.000,"",
12.513,Left,-4.580,-0.028,-1.026,0.000,1.000,0.000,0.000,0.000,0.000,0.000,0.000,0.000,0.000,"",
12.527,Left,-4.580,-0.028,-1.026,0.000,1.000,0.000,0.000,0.000,0.000,0.000,0.000,0.000,0.000,"",
12.541,Left,-4.580,-0.028,-1.026,0.000,1.000,0.000,0.000,0.000,0.000,0.000,0.000,0.000,0.000,"",
12.555,Left,-4.580,-0.028,-1.026,0.000,1.000,0.000,0.000,0.000,0.000,0.000,0.000,0.000,0.000,"",
12.568,Left,-4.580,-0.028,-1.026,0.000,1.000,0.000,0.000,0.000,0.000,0.000,0.000,0.000,0.000,"",
12.582,Left,-4.580,-0.028,-1.026,0.000,1.000,0.000,0.000,0.000,0.000,0.000,0.000,0.000,0.000,"",
12.597,Left,-4.580,-0.028,-1.026,0.000,1.000,0.000,0.000,0.000,0.000,0.000,0.000,0.000,0.000,"",
12.610,Left,-4.580,-0.028,-1.026,0.000,1.000,0.000,0.000,0.000,0.000,0.000,0.000,0.000,0.000,"",
12.624,Left,-4.580,-0.028,-1.026,0.000,1.000,0.000,0.000,0.000,0.000,0.000,0.000,0.000,0.000,"",
12.639,Left,-4.580,-0.028,-1.026,0.000,1.000,0.000,0.000,0.000,0.000,0.000,0.000,0.000,0.000,"",
12.651,Left,-4.580,-0.028,-1.026,0.000,1.000,0.000,0.000,0.000,0.000,0.000,0.000,0.000,0.000,"",
12.666,Left,-4.580,-0.028,-1.026,0.000,1.000,0.000,0.000,0.000,0.000,0.000,0.000,0.000,0.000,"",
12.681,Left,-4.580,-0.028,-1.026,0.000,1.000,0.000,0.000,0.000,0.000,0.000,0.000,0.000,0.000,"",
12.694,Left,-4.580,-0.028,-1.026,0.000,1.000,0.000,0.000,0.000,0.000,0.000,0.000,0.000,0.000,"",
12.707,Left,-4.580,-0.028,-1.026,0.000,1.000,0.000,0.000,0.000,0.000,0.000,0.000,0.000,0.000,"",
12.721,Left,-4.580,-0.028,-1.026,0.000,1.000,0.000,0.000,0.000,0.000,0.000,0.000,0.000,0.000,"",
12.735,Left,-4.580,-0.028,-1.026,0.000,1.000,0.000,0.000,0.000,0.000,0.000,0.000,0.000,0.000,"",
12.748,Left,-4.580,-0.028,-1.026,0.000,1.000,0.000,0.000,0.000,0.000,0.000,0.000,0.000,0.000,"",
12.763,Left,-4.580,-0.028,-1.026,0.000,1.000,0.000,0.000,0.000,0.000,0.000,0.000,0.000,0.000,"",
12.777,Left,-4.580,-0.028,-1.026,0.000,1.000,0.000,0.000,0.000,0.000,0.000,0.000,0.000,0.000,"",
12.790,Left,-4.580,-0.028,-1.026,0.000,1.000,0.000,0.000,0.000,0.000,0.000,0.000,0.000,0.000,"",
12.805,Left,-4.580,-0.028,-1.026,0.000,1.000,0.000,0.000,0.000,0.000,0.000,0.000,0.000,0.000,"",
12.819,Left,-4.580,-0.028,-1.026,0.000,1.000,0.000,0.000,0.000,0.000,0.000,0.000,0.000,0.000,"",
12.832,Left,-4.580,-0.028,-1.026,0.000,1.000,0.000,0.000,0.000,0.000,0.000,0.000,0.000,0.000,"",
12.847,Left,-4.580,-0.028,-1.026,0.000,1.000,0.000,0.000,0.000,0.000,0.000,0.000,0.000,0.000,"",
12.861,Left,-4.580,-0.028,-1.026,0.000,1.000,0.000,0.000,0.000,0.000,0.000,0.000,0.000,0.000,"",
12.875,Left,-4.580,-0.028,-1.026,0.000,1.000,0.000,0.000,0.000,0.000,0.000,0.000,0.000,0.000,"",
12.889,Left,-4.580,-0.028,-1.026,0.000,1.000,0.000,0.000,0.000,0.000,0.000,0.000,0.000,0.000,"",
12.903,Left,-4.580,-0.028,-1.026,0.000,1.000,0.000,0.000,0.000,0.000,0.000,0.000,0.000,0.000,"",
12.917,Left,-4.580,-0.028,-1.026,0.000,1.000,0.000,0.000,0.000,0.000,0.000,0.000,0.000,0.000,"",
12.930,Left,-4.580,-0.028,-1.026,0.000,1.000,0.000,0.000,0.000,0.000,0.000,0.000,0.000,0.000,"",
12.944,Left,-4.580,-0.028,-1.026,0.000,1.000,0.000,0.000,0.000,0.000,0.000,0.000,0.000,0.000,"",
12.958,Left,-4.580,-0.028,-1.026,0.000,1.000,0.000,0.000,0.000,0.000,0.000,0.000,0.000,0.000,"",
12.972,Left,-4.580,-0.028,-1.026,0.000,1.000,0.000,0.000,0.000,0.000,0.000,0.000,0.000,0.000,"",
12.986,Left,-4.580,-0.028,-1.026,0.000,1.000,0.000,0.000,0.000,0.000,0.000,0.000,0.000,0.000,"",
13.000,Left,-4.580,-0.028,-1.026,0.000,1.000,0.000,0.000,0.000,0.000,0.000,0.000,0.000,0.000,"",
13.014,Left,-4.580,-0.028,-1.026,0.000,1.000,0.000,0.000,0.000,0.000,0.000,0.000,0.000,0.000,"",
13.028,Left,-4.580,-0.028,-1.026,0.000,1.000,0.000,0.000,0.000,0.000,0.000,0.000,0.000,0.000,"",
13.042,Left,-4.580,-0.028,-1.026,0.000,1.000,0.000,0.000,0.000,0.000,0.000,0.000,0.000,0.000,"",
13.056,Left,-4.580,-0.028,-1.026,0.000,1.000,0.000,0.000,0.000,0.000,0.000,0.000,0.000,0.000,"",
13.069,Left,-4.580,-0.028,-1.026,0.000,1.000,0.000,0.000,0.000,0.000,0.000,0.000,0.000,0.000,"",
13.083,Left,-4.580,-0.028,-1.026,0.000,1.000,0.000,0.000,0.000,0.000,0.000,0.000,0.000,0.000,"",
13.098,Left,-4.580,-0.028,-1.026,0.000,1.000,0.000,0.000,0.000,0.000,0.000,0.000,0.000,0.000,"",
13.111,Left,-4.580,-0.028,-1.026,0.000,1.000,0.000,0.000,0.000,0.000,0.000,0.000,0.000,0.000,"",
13.125,Left,-4.580,-0.028,-1.026,0.000,1.000,0.000,0.000,0.000,0.000,0.000,0.000,0.000,0.000,"",
13.140,Left,-4.580,-0.028,-1.026,0.000,1.000,0.000,0.000,0.000,0.000,0.000,0.000,0.000,0.000,"",
13.153,Left,-4.580,-0.028,-1.026,0.000,1.000,0.000,0.000,0.000,0.000,0.000,0.000,0.000,0.000,"",
13.167,Left,-4.580,-0.028,-1.026,0.000,1.000,0.000,0.000,0.000,0.000,0.000,0.000,0.000,0.000,"",
13.181,Left,-4.580,-0.028,-1.026,0.000,1.000,0.000,0.000,0.000,0.000,0.000,0.000,0.000,0.000,"",
13.196,Left,-4.580,-0.028,-1.026,0.000,1.000,0.000,0.000,0.000,0.000,0.000,0.000,0.000,0.000,"",
13.209,Left,-4.580,-0.028,-1.026,0.000,1.000,0.000,0.000,0.000,0.000,0.000,0.000,0.000,0.000,"",
13.223,Left,-4.580,-0.028,-1.026,0.000,1.000,0.000,0.000,0.000,0.000,0.000,0.000,0.000,0.000,"",
13.237,Left,-4.580,-0.028,-1.026,0.000,1.000,0.000,0.000,0.000,0.000,0.000,0.000,0.000,0.000,"",
13.250,Left,-4.580,-0.028,-1.026,0.000,1.000,0.000,0.000,0.000,0.000,0.000,0.000,0.000,0.000,"",
13.265,Left,-4.580,-0.028,-1.026,0.000,1.000,0.000,0.000,0.000,0.000,0.000,0.000,0.000,0.000,"",
13.279,Left,-4.580,-0.028,-1.026,0.000,1.000,0.000,0.000,0.000,0.000,0.000,0.000,0.000,0.000,"",
13.292,Left,-4.580,-0.028,-1.026,0.000,1.000,0.000,0.000,0.000,0.000,0.000,0.000,0.000,0.000,"",
13.306,Left,-4.580,-0.028,-1.026,0.000,1.000,0.000,0.000,0.000,0.000,0.000,0.000,0.000,0.000,"",
13.321,Left,-4.580,-0.028,-1.026,0.000,1.000,0.000,0.000,0.000,0.000,0.000,0.000,0.000,0.000,"",
13.334,Left,-4.580,-0.028,-1.026,0.000,1.000,0.000,0.000,0.000,0.000,0.000,0.000,0.000,0.000,"",
13.348,Left,-4.580,-0.028,-1.026,0.000,1.000,0.000,0.000,0.000,0.000,0.000,0.000,0.000,0.000,"",
13.363,Left,-4.580,-0.028,-1.026,0.000,1.000,0.000,0.000,0.000,0.000,0.000,0.000,0.000,0.000,"",
13.377,Left,-4.580,-0.028,-1.026,0.000,1.000,0.000,0.000,0.000,0.000,0.000,0.000,0.000,0.000,"",
13.390,Left,-4.580,-0.028,-1.026,0.000,1.000,0.000,0.000,0.000,0.000,0.000,0.000,0.000,0.000,"",
13.405,Left,-4.580,-0.028,-1.026,0.000,1.000,0.000,0.000,0.000,0.000,0.000,0.000,0.000,0.000,"",
13.418,Left,-4.580,-0.028,-1.026,0.000,1.000,0.000,0.000,0.000,0.000,0.000,0.000,0.000,0.000,"",
13.432,Left,-4.580,-0.028,-1.026,0.000,1.000,0.000,0.000,0.000,0.000,0.000,0.000,0.000,0.000,"",
13.447,Left,-4.580,-0.028,-1.026,0.000,1.000,0.000,0.000,0.000,0.000,0.000,0.000,0.000,0.000,"",
13.461,Left,-4.580,-0.028,-1.026,0.000,1.000,0.000,0.000,0.000,0.000,0.000,0.000,0.000,0.000,"",
13.474,Left,-4.580,-0.028,-1.026,0.000,1.000,0.000,0.000,0.000,0.000,0.000,0.000,0.000,0.000,"",
13.488,Left,-4.580,-0.028,-1.026,0.000,1.000,0.000,0.000,0.000,0.000,0.000,0.000,0.000,0.000,"",
13.501,Left,-4.580,-0.028,-1.026,0.000,1.000,0.000,0.000,0.000,0.000,0.000,0.000,0.000,0.000,"",
13.516,Left,-4.580,-0.028,-1.026,0.000,1.000,0.000,0.000,0.000,0.000,0.000,0.000,0.000,0.000,"",
13.529,Left,-4.580,-0.028,-1.026,0.000,1.000,0.000,0.000,0.000,0.000,0.000,0.000,0.000,0.000,"",
13.543,Left,-4.580,-0.028,-1.026,0.000,1.000,0.000,0.000,0.000,0.000,0.000,0.000,0.000,0.000,"",
13.557,Left,-4.580,-0.028,-1.026,0.000,1.000,0.000,0.000,0.000,0.000,0.000,0.000,0.000,0.000,"",
13.570,Left,-4.580,-0.028,-1.026,0.000,1.000,0.000,0.000,0.000,0.000,0.000,0.000,0.000,0.000,"",
13.585,Left,-4.580,-0.028,-1.026,0.000,1.000,0.000,0.000,0.000,0.000,0.000,0.000,0.000,0.000,"",
13.599,Left,-4.580,-0.028,-1.026,0.000,1.000,0.000,0.000,0.000,0.000,0.000,0.000,0.000,0.000,"",
13.612,Left,-4.580,-0.028,-1.026,0.000,1.000,0.000,0.000,0.000,0.000,0.000,0.000,0.000,0.000,"",
13.627,Left,-4.580,-0.028,-1.026,0.000,1.000,0.000,0.000,0.000,0.000,0.000,0.000,0.000,0.000,"",
13.641,Left,-4.580,-0.028,-1.026,0.000,1.000,0.000,0.000,0.000,0.000,0.000,0.000,0.000,0.000,"",
13.655,Left,-4.580,-0.028,-1.026,0.000,1.000,0.000,0.000,0.000,0.000,0.000,0.000,0.000,0.000,"",
13.669,Left,-4.580,-0.028,-1.026,0.000,1.000,0.000,0.000,0.000,0.000,0.000,0.000,0.000,0.000,"",
13.682,Left,-4.580,-0.028,-1.026,0.000,1.000,0.000,0.000,0.000,0.000,0.000,0.000,0.000,0.000,"",
13.696,Left,-4.580,-0.028,-1.026,0.000,1.000,0.000,0.000,0.000,0.000,0.000,0.000,0.000,0.000,"",
13.710,Left,-4.580,-0.028,-1.026,0.000,1.000,0.000,0.000,0.000,0.000,0.000,0.000,0.000,0.000,"",
13.725,Left,-4.580,-0.028,-1.026,0.000,1.000,0.000,0.000,0.000,0.000,0.000,0.000,0.000,0.000,"",
13.739,Left,-4.580,-0.028,-1.026,0.000,1.000,0.000,0.000,0.000,0.000,0.000,0.000,0.000,0.000,"",
13.753,Left,-4.580,-0.028,-1.026,0.000,1.000,0.000,0.000,0.000,0.000,0.000,0.000,0.000,0.000,"",
13.767,Left,-4.580,-0.028,-1.026,0.000,1.000,0.000,0.000,0.000,0.000,0.000,0.000,0.000,0.000,"",
13.780,Left,-4.580,-0.028,-1.026,0.000,1.000,0.000,0.000,0.000,0.000,0.000,0.000,0.000,0.000,"",
13.794,Left,-4.580,-0.028,-1.026,0.000,1.000,0.000,0.000,0.000,0.000,0.000,0.000,0.000,0.000,"",
13.807,Left,-4.580,-0.028,-1.026,0.000,1.000,0.000,0.000,0.000,0.000,0.000,0.000,0.000,0.000,"",
13.821,Left,-4.580,-0.028,-1.026,0.000,1.000,0.000,0.000,0.000,0.000,0.000,0.000,0.000,0.000,"",
13.835,Left,-4.580,-0.028,-1.026,0.000,1.000,0.000,0.000,0.000,0.000,0.000,0.000,0.000,0.000,"",
13.849,Left,-4.580,-0.028,-1.026,0.000,1.000,0.000,0.000,0.000,0.000,0.000,0.000,0.000,0.000,"",
13.863,Left,-4.580,-0.028,-1.026,0.000,1.000,0.000,0.000,0.000,0.000,0.000,0.000,0.000,0.000,"",
13.877,Left,-4.580,-0.028,-1.026,0.000,1.000,0.000,0.000,0.000,0.000,0.000,0.000,0.000,0.000,"",
13.891,Left,-4.580,-0.028,-1.026,0.000,1.000,0.000,0.000,0.000,0.000,0.000,0.000,0.000,0.000,"",
13.905,Left,-4.580,-0.028,-1.026,0.000,1.000,0.000,0.000,0.000,0.000,0.000,0.000,0.000,0.000,"",
13.920,Left,-4.580,-0.028,-1.026,0.000,1.000,0.000,0.000,0.000,0.000,0.000,0.000,0.000,0.000,"",
13.933,Left,-4.580,-0.028,-1.026,0.000,1.000,0.000,0.000,0.000,0.000,0.000,0.000,0.000,0.000,"",
13.947,Left,-4.580,-0.028,-1.026,0.000,1.000,0.000,0.000,0.000,0.000,0.000,0.000,0.000,0.000,"",
13.961,Left,-4.580,-0.028,-1.026,0.000,1.000,0.000,0.000,0.000,0.000,0.000,0.000,0.000,0.000,"",
13.975,Left,-4.580,-0.028,-1.026,0.000,1.000,0.000,0.000,0.000,0.000,0.000,0.000,0.000,0.000,"",
13.988,Left,-4.580,-0.028,-1.026,0.000,1.000,0.000,0.000,0.000,0.000,0.000,0.000,0.000,0.000,"",
14.002,Left,-4.580,-0.028,-1.026,0.000,1.000,0.000,0.000,0.000,0.000,0.000,0.000,0.000,0.000,"",
14.017,Left,-4.580,-0.028,-1.026,0.000,1.000,0.000,0.000,0.000,0.000,0.000,0.000,0.000,0.000,"",
14.030,Left,-4.580,-0.028,-1.026,0.000,1.000,0.000,0.000,0.000,0.000,0.000,0.000,0.000,0.000,"",
14.044,Left,-4.580,-0.028,-1.026,0.000,1.000,0.000,0.000,0.000,0.000,0.000,0.000,0.000,0.000,"",
14.058,Left,-4.580,-0.028,-1.026,0.000,1.000,0.000,0.000,0.000,0.000,0.000,0.000,0.000,0.000,"",
14.072,Left,-4.580,-0.028,-1.026,0.000,1.000,0.000,0.000,0.000,0.000,0.000,0.000,0.000,0.000,"",
14.086,Left,-4.580,-0.028,-1.026,0.000,1.000,0.000,0.000,0.000,0.000,0.000,0.000,0.000,0.000,"",
14.100,Left,-4.580,-0.028,-1.026,0.000,1.000,0.000,0.000,0.000,0.000,0.000,0.000,0.000,0.000,"",
14.113,Left,-4.580,-0.028,-1.026,0.000,1.000,0.000,0.000,0.000,0.000,0.000,0.000,0.000,0.000,"",
14.128,Left,-4.580,-0.028,-1.026,0.000,1.000,0.000,0.000,0.000,0.000,0.000,0.000,0.000,0.000,"",
14.142,Left,-4.580,-0.028,-1.026,0.000,1.000,0.000,0.000,0.000,0.000,0.000,0.000,0.000,0.000,"",
14.158,Left,-4.580,-0.028,-1.026,0.000,1.000,0.000,0.000,0.000,0.000,0.000,0.000,0.000,0.000,"",
14.169,Left,-4.580,-0.028,-1.026,0.000,1.000,0.000,0.000,0.000,0.000,0.000,0.000,0.000,0.000,"",
14.183,Left,-4.580,-0.028,-1.026,0.000,1.000,0.000,0.000,0.000,0.000,0.000,0.000,0.000,0.000,"",
14.197,Left,-4.580,-0.028,-1.026,0.000,1.000,0.000,0.000,0.000,0.000,0.000,0.000,0.000,0.000,"",
14.211,Left,-4.580,-0.028,-1.026,0.000,1.000,0.000,0.000,0.000,0.000,0.000,0.000,0.000,0.000,"",
14.225,Left,-4.580,-0.028,-1.026,0.000,1.000,0.000,0.000,0.000,0.000,0.000,0.000,0.000,0.000,"",
14.239,Left,-4.580,-0.028,-1.026,0.000,1.000,0.000,0.000,0.000,0.000,0.000,0.000,0.000,0.000,"",
14.253,Left,-4.580,-0.028,-1.026,0.000,1.000,0.000,0.000,0.000,0.000,0.000,0.000,0.000,0.000,"",
14.267,Left,-4.580,-0.028,-1.026,0.000,1.000,0.000,0.000,0.000,0.000,0.000,0.000,0.000,0.000,"",
14.281,Left,-4.580,-0.028,-1.026,0.000,1.000,0.000,0.000,0.000,0.000,0.000,0.000,0.000,0.000,"",
14.295,Left,-4.580,-0.028,-1.026,0.000,1.000,0.000,0.000,0.000,0.000,0.000,0.000,0.000,0.000,"",
14.308,Left,-4.580,-0.028,-1.026,0.000,1.000,0.000,0.000,0.000,0.000,0.000,0.000,0.000,0.000,"",
14.322,Left,-4.580,-0.028,-1.026,0.000,1.000,0.000,0.000,0.000,0.000,0.000,0.000,0.000,0.000,"",
14.337,Left,-4.580,-0.028,-1.026,0.000,1.000,0.000,0.000,0.000,0.000,0.000,0.000,0.000,0.000,"",
14.350,Left,-4.580,-0.028,-1.026,0.000,1.000,0.000,0.000,0.000,0.000,0.000,0.000,0.000,0.000,"",
14.364,Left,-4.580,-0.028,-1.026,0.000,1.000,0.000,0.000,0.000,0.000,0.000,0.000,0.000,0.000,"",
14.378,Left,-4.580,-0.028,-1.026,0.000,1.000,0.000,0.000,0.000,0.000,0.000,0.000,0.000,0.000,"",
14.392,Left,-4.580,-0.028,-1.026,0.000,1.000,0.000,0.000,0.000,0.000,0.000,0.000,0.000,0.000,"",
14.419,Left,-4.580,-0.028,-1.026,0.000,1.000,0.000,0.000,0.000,0.000,0.000,0.000,0.000,0.000,"",
14.436,Left,-4.580,-0.028,-1.026,0.000,1.000,0.000,0.000,0.000,0.000,0.000,0.000,0.000,0.000,"",
14.449,Left,-4.580,-0.028,-1.026,0.000,1.000,0.000,0.000,0.000,0.000,0.000,0.000,0.000,0.000,"",
14.462,Left,-4.580,-0.028,-1.026,0.000,1.000,0.000,0.000,0.000,0.000,0.000,0.000,0.000,0.000,"",
14.476,Left,-4.580,-0.028,-1.026,0.000,1.000,0.000,0.000,0.000,0.000,0.000,0.000,0.000,0.000,"",
14.489,Left,-4.580,-0.028,-1.026,0.000,1.000,0.000,0.000,0.000,0.000,0.000,0.000,0.000,0.000,"",
14.504,Left,-4.580,-0.028,-1.026,0.000,1.000,0.000,0.000,0.000,0.000,0.000,0.000,0.000,0.000,"",
14.518,Left,-4.580,-0.028,-1.026,0.000,1.000,0.000,0.000,0.000,0.000,0.000,0.000,0.000,0.000,"",
14.531,Left,-4.580,-0.028,-1.026,0.000,1.000,0.000,0.000,0.000,0.000,0.000,0.000,0.000,0.000,"",
14.545,Left,-4.580,-0.028,-1.026,0.000,1.000,0.000,0.000,0.000,0.000,0.000,0.000,0.000,0.000,"",
14.559,Left,-4.580,-0.028,-1.026,0.000,1.000,0.000,0.000,0.000,0.000,0.000,0.000,0.000,0.000,"",
14.626,Left,-4.580,-0.028,-1.026,0.000,1.000,0.000,0.000,0.000,0.000,0.000,0.000,0.000,0.000,"",
