Timestamp,TotalGazeTime,IsGazing,FocusPosition,BallColor,BallScale,TriggerCount
2025-01-06 17:05:29,0.00,False,None,Yellow,(0.05, 0.05, 0.05),0
2025-01-06 17:05:29,0.00,False,None,Yellow,(0.05, 0.05, 0.05),0
2025-01-06 17:05:29,0.06,True,(-5.24, 1.17, 0.96),Yellow,(0.05, 0.05, 0.05),1
2025-01-06 17:05:29,0.08,True,(-5.23, 1.17, 0.96),Yellow,(0.05, 0.05, 0.05),1
2025-01-06 17:05:29,0.10,True,(-5.23, 1.17, 0.96),Yellow,(0.05, 0.05, 0.05),1
2025-01-06 17:05:29,0.12,True,(-5.23, 1.17, 0.96),Yellow,(0.05, 0.05, 0.05),1
2025-01-06 17:05:29,0.14,True,(-5.23, 1.17, 0.96),Yellow,(0.05, 0.05, 0.05),1
2025-01-06 17:05:29,0.15,True,(-5.23, 1.17, 0.96),Yellow,(0.05, 0.05, 0.05),1
2025-01-06 17:05:29,0.17,True,(-5.23, 1.17, 0.96),Yellow,(0.05, 0.05, 0.05),1
2025-01-06 17:05:29,0.18,True,(-5.23, 1.17, 0.96),Yellow,(0.05, 0.05, 0.05),1
2025-01-06 17:05:29,0.19,True,(-5.23, 1.17, 0.96),Yellow,(0.05, 0.05, 0.05),1
2025-01-06 17:05:29,0.21,True,(-5.23, 1.17, 0.96),Yellow,(0.05, 0.05, 0.05),1
2025-01-06 17:05:29,0.22,True,(-5.23, 1.17, 0.96),Yellow,(0.05, 0.05, 0.05),1
2025-01-06 17:05:29,0.24,True,(-5.23, 1.17, 0.96),Yellow,(0.05, 0.05, 0.05),1
2025-01-06 17:05:29,0.25,True,(-5.23, 1.17, 0.96),Yellow,(0.05, 0.05, 0.05),1
2025-01-06 17:05:29,0.26,True,(-5.23, 1.17, 0.96),Yellow,(0.05, 0.05, 0.05),1
2025-01-06 17:05:29,0.28,True,(-5.23, 1.17, 0.96),Yellow,(0.05, 0.05, 0.05),1
2025-01-06 17:05:29,0.29,True,(-5.23, 1.17, 0.96),Yellow,(0.05, 0.05, 0.05),1
2025-01-06 17:05:29,0.30,True,(-5.23, 1.17, 0.96),Yellow,(0.05, 0.05, 0.05),1
2025-01-06 17:05:29,0.32,True,(-5.23, 1.17, 0.96),Yellow,(0.05, 0.05, 0.05),1
2025-01-06 17:05:29,0.33,True,(-5.23, 1.17, 0.96),Yellow,(0.05, 0.05, 0.05),1
2025-01-06 17:05:29,0.35,True,(-5.23, 1.17, 0.96),Yellow,(0.05, 0.05, 0.05),1
2025-01-06 17:05:29,0.36,True,(-5.23, 1.17, 0.96),Yellow,(0.05, 0.05, 0.05),1
2025-01-06 17:05:29,0.37,True,(-5.23, 1.17, 0.96),Yellow,(0.05, 0.05, 0.05),1
2025-01-06 17:05:29,0.39,True,(-5.23, 1.17, 0.96),Yellow,(0.05, 0.05, 0.05),1
2025-01-06 17:05:29,0.40,True,(-5.24, 1.17, 0.96),Yellow,(0.05, 0.05, 0.05),1
2025-01-06 17:05:29,0.42,True,(-5.24, 1.17, 0.96),Yellow,(0.05, 0.05, 0.05),1
2025-01-06 17:05:29,0.43,True,(-5.23, 1.17, 0.96),Yellow,(0.05, 0.05, 0.05),1
2025-01-06 17:05:29,0.44,True,(-5.23, 1.17, 0.96),Yellow,(0.05, 0.05, 0.05),1
2025-01-06 17:05:29,0.46,True,(-5.24, 1.17, 0.96),Yellow,(0.05, 0.05, 0.05),1
2025-01-06 17:05:29,0.47,True,(-5.24, 1.17, 0.96),Yellow,(0.05, 0.05, 0.05),1
2025-01-06 17:05:29,0.49,True,(-5.26, 1.16, 0.98),Yellow,(0.05, 0.05, 0.05),1
2025-01-06 17:05:29,0.50,True,(-5.26, 1.16, 0.98),Yellow,(0.05, 0.05, 0.05),1
2025-01-06 17:05:29,0.51,True,(-5.26, 1.16, 0.98),Yellow,(0.05, 0.05, 0.05),1
2025-01-06 17:05:29,0.53,True,(-5.26, 1.16, 0.98),Yellow,(0.05, 0.05, 0.05),1
2025-01-06 17:05:29,0.54,True,(-5.26, 1.16, 0.98),Yellow,(0.05, 0.05, 0.05),1
2025-01-06 17:05:29,0.56,True,(-5.26, 1.15, 0.98),Yellow,(0.05, 0.05, 0.05),1
2025-01-06 17:05:29,0.57,True,(-5.26, 1.15, 0.98),Yellow,(0.05, 0.05, 0.05),1
2025-01-06 17:05:29,0.58,True,(-5.26, 1.15, 0.98),Yellow,(0.05, 0.05, 0.05),1
2025-01-06 17:05:29,0.60,True,(-5.26, 1.15, 0.98),Yellow,(0.05, 0.05, 0.05),1
2025-01-06 17:05:29,0.61,True,(-5.26, 1.15, 0.98),Yellow,(0.05, 0.05, 0.05),1
2025-01-06 17:05:29,0.62,True,(-5.26, 1.16, 0.98),Yellow,(0.05, 0.05, 0.05),1
2025-01-06 17:05:30,0.64,True,(-5.26, 1.16, 0.98),Yellow,(0.05, 0.05, 0.05),1
2025-01-06 17:05:30,0.65,True,(-5.26, 1.16, 0.98),Yellow,(0.05, 0.05, 0.05),1
2025-01-06 17:05:30,0.67,True,(-5.26, 1.15, 0.98),Yellow,(0.05, 0.05, 0.05),1
2025-01-06 17:05:30,0.68,True,(-5.26, 1.15, 0.98),Yellow,(0.05, 0.05, 0.05),1
2025-01-06 17:05:30,0.69,True,(-5.26, 1.15, 0.98),Yellow,(0.05, 0.05, 0.05),1
2025-01-06 17:05:30,0.71,True,(-5.26, 1.15, 0.98),Yellow,(0.05, 0.05, 0.05),1
2025-01-06 17:05:30,0.72,True,(-5.26, 1.15, 0.98),Yellow,(0.05, 0.05, 0.05),1
2025-01-06 17:05:30,0.74,True,(-5.26, 1.15, 0.98),Yellow,(0.05, 0.05, 0.05),1
2025-01-06 17:05:30,0.75,True,(-5.26, 1.15, 0.98),Yellow,(0.05, 0.05, 0.05),1
2025-01-06 17:05:30,0.76,True,(-5.26, 1.15, 0.98),Yellow,(0.05, 0.05, 0.05),1
2025-01-06 17:05:30,0.78,True,(-5.26, 1.15, 0.98),Yellow,(0.05, 0.05, 0.05),1
2025-01-06 17:05:30,0.79,True,(-5.26, 1.15, 0.98),Yellow,(0.05, 0.05, 0.05),1
2025-01-06 17:05:30,0.81,True,(-5.26, 1.15, 0.98),Yellow,(0.05, 0.05, 0.05),1
2025-01-06 17:05:30,0.82,True,(-5.26, 1.15, 0.98),Yellow,(0.05, 0.05, 0.05),1
2025-01-06 17:05:30,0.83,True,(-5.26, 1.15, 0.98),Yellow,(0.05, 0.05, 0.05),1
2025-01-06 17:05:30,0.85,True,(-5.26, 1.15, 0.98),Yellow,(0.05, 0.05, 0.05),1
2025-01-06 17:05:30,0.86,True,(-5.29, 1.13, 0.94),Yellow,(0.05, 0.05, 0.05),1
2025-01-06 17:05:30,0.88,True,(-5.29, 1.13, 0.94),Yellow,(0.05, 0.05, 0.05),1
2025-01-06 17:05:30,0.89,True,(-5.29, 1.12, 0.93),Yellow,(0.05, 0.05, 0.05),1
2025-01-06 17:05:30,0.90,True,(-5.29, 1.12, 0.93),Yellow,(0.05, 0.05, 0.05),1
2025-01-06 17:05:30,0.92,True,(-5.29, 1.12, 0.93),Yellow,(0.05, 0.05, 0.05),1
2025-01-06 17:05:30,0.93,True,(-5.29, 1.12, 0.93),Yellow,(0.05, 0.05, 0.05),1
2025-01-06 17:05:30,0.95,True,(-5.29, 1.12, 0.93),Yellow,(0.05, 0.05, 0.05),1
2025-01-06 17:05:30,0.96,True,(-5.29, 1.12, 0.93),Yellow,(0.05, 0.05, 0.05),1
2025-01-06 17:05:30,0.97,True,(-5.29, 1.12, 0.93),Yellow,(0.05, 0.05, 0.05),1
2025-01-06 17:05:30,0.99,True,(-5.29, 1.12, 0.93),Yellow,(0.05, 0.05, 0.05),1
2025-01-06 17:05:30,1.00,True,(-5.29, 1.12, 0.93),Yellow,(0.05, 0.05, 0.05),1
2025-01-06 17:05:30,1.02,True,(-5.29, 1.12, 0.93),Yellow,(0.05, 0.05, 0.05),1
2025-01-06 17:05:30,1.03,True,(-5.29, 1.11, 0.93),Yellow,(0.05, 0.05, 0.05),1
2025-01-06 17:05:30,1.04,True,(-5.29, 1.11, 0.93),Yellow,(0.05, 0.05, 0.05),1
2025-01-06 17:05:30,1.06,True,(-5.29, 1.11, 0.93),Yellow,(0.05, 0.05, 0.05),1
2025-01-06 17:05:30,1.07,True,(-5.30, 1.11, 0.93),Yellow,(0.05, 0.05, 0.05),1
2025-01-06 17:05:30,1.09,True,(-5.30, 1.11, 0.93),Yellow,(0.05, 0.05, 0.05),1
2025-01-06 17:05:30,1.10,True,(-5.30, 1.11, 0.93),Yellow,(0.05, 0.05, 0.05),1
2025-01-06 17:05:30,1.11,True,(-5.31, 1.11, 0.93),Yellow,(0.05, 0.05, 0.05),1
2025-01-06 17:05:30,1.13,True,(-5.31, 1.10, 0.92),Yellow,(0.05, 0.05, 0.05),1
2025-01-06 17:05:30,1.14,True,(-5.31, 1.10, 0.93),Yellow,(0.05, 0.05, 0.05),1
2025-01-06 17:05:30,1.16,True,(-5.32, 1.10, 0.93),Yellow,(0.05, 0.05, 0.05),1
2025-01-06 17:05:30,1.17,True,(-5.32, 1.09, 0.93),Yellow,(0.05, 0.05, 0.05),1
2025-01-06 17:05:30,1.18,True,(-5.33, 1.09, 0.93),Yellow,(0.05, 0.05, 0.05),1
2025-01-06 17:05:30,1.20,True,(-5.35, 1.08, 0.93),Yellow,(0.05, 0.05, 0.05),1
2025-01-06 17:05:30,1.21,True,(-5.35, 1.08, 0.93),Yellow,(0.05, 0.05, 0.05),1
2025-01-06 17:05:30,1.22,True,(-5.35, 1.07, 0.93),Yellow,(0.05, 0.05, 0.05),1
2025-01-06 17:05:30,1.24,True,(-5.36, 1.07, 0.93),Yellow,(0.05, 0.05, 0.05),1
2025-01-06 17:05:30,1.25,True,(-5.36, 1.07, 0.93),Yellow,(0.05, 0.05, 0.05),1
2025-01-06 17:05:30,1.27,True,(-5.36, 1.07, 0.93),Yellow,(0.05, 0.05, 0.05),1
2025-01-06 17:05:30,1.28,True,(-5.36, 1.07, 0.93),Yellow,(0.05, 0.05, 0.05),1
2025-01-06 17:05:30,1.30,True,(-5.35, 1.07, 0.93),Yellow,(0.05, 0.05, 0.05),1
2025-01-06 17:05:30,1.31,True,(-5.36, 1.07, 0.93),Yellow,(0.05, 0.05, 0.05),1
2025-01-06 17:05:30,1.32,True,(-5.35, 1.08, 0.93),Yellow,(0.05, 0.05, 0.05),1
2025-01-06 17:05:30,1.34,True,(-5.35, 1.08, 0.93),Yellow,(0.05, 0.05, 0.05),1
2025-01-06 17:05:30,1.35,True,(-5.35, 1.08, 0.93),Yellow,(0.05, 0.05, 0.05),1
2025-01-06 17:05:30,1.36,True,(-5.35, 1.08, 0.93),Yellow,(0.05, 0.05, 0.05),1
2025-01-06 17:05:30,1.38,True,(-5.35, 1.08, 0.93),Yellow,(0.05, 0.05, 0.05),1
2025-01-06 17:05:30,1.39,True,(-5.34, 1.08, 0.93),Yellow,(0.05, 0.05, 0.05),1
2025-01-06 17:05:30,1.41,True,(-5.35, 1.08, 0.93),Yellow,(0.05, 0.05, 0.05),1
2025-01-06 17:05:30,1.42,True,(-5.35, 1.08, 0.93),Yellow,(0.05, 0.05, 0.05),1
2025-01-06 17:05:30,1.43,True,(-5.35, 1.08, 0.93),Yellow,(0.05, 0.05, 0.05),1
2025-01-06 17:05:30,1.45,True,(-5.35, 1.08, 0.93),Yellow,(0.05, 0.05, 0.05),1
2025-01-06 17:05:30,1.46,True,(-5.35, 1.08, 0.93),Yellow,(0.05, 0.05, 0.05),1
2025-01-06 17:05:30,1.48,True,(-5.35, 1.08, 0.93),Yellow,(0.05, 0.05, 0.05),1
2025-01-06 17:05:30,1.49,True,(-5.35, 1.08, 0.93),Yellow,(0.05, 0.05, 0.05),1
2025-01-06 17:05:30,1.51,True,(-5.34, 1.08, 0.93),Yellow,(0.05, 0.05, 0.05),1
2025-01-06 17:05:30,1.52,True,(-5.34, 1.08, 0.93),Yellow,(0.05, 0.05, 0.05),1
2025-01-06 17:05:30,1.53,True,(-5.34, 1.08, 0.93),Yellow,(0.05, 0.05, 0.05),1
2025-01-06 17:05:30,1.55,True,(-5.35, 1.08, 0.93),Yellow,(0.05, 0.05, 0.05),1
2025-01-06 17:05:30,1.56,True,(-5.34, 1.08, 0.93),Yellow,(0.05, 0.05, 0.05),1
2025-01-06 17:05:30,1.57,True,(-5.34, 1.08, 0.93),Yellow,(0.05, 0.05, 0.05),1
2025-01-06 17:05:30,1.59,True,(-5.34, 1.08, 0.93),Yellow,(0.05, 0.05, 0.05),1
2025-01-06 17:05:30,1.60,True,(-5.34, 1.08, 0.93),Yellow,(0.05, 0.05, 0.05),1
2025-01-06 17:05:30,1.62,True,(-5.34, 1.08, 0.93),Yellow,(0.05, 0.05, 0.05),1
2025-01-06 17:05:30,1.63,True,(-5.34, 1.08, 0.93),Yellow,(0.05, 0.05, 0.05),1
2025-01-06 17:05:31,1.64,True,(-5.34, 1.08, 0.93),Yellow,(0.05, 0.05, 0.05),1
2025-01-06 17:05:31,1.66,True,(-5.34, 1.08, 0.93),Yellow,(0.05, 0.05, 0.05),1
2025-01-06 17:05:31,1.67,True,(-5.34, 1.08, 0.93),Yellow,(0.05, 0.05, 0.05),1
2025-01-06 17:05:31,1.68,True,(-5.35, 1.08, 0.93),Yellow,(0.05, 0.05, 0.05),1
2025-01-06 17:05:31,1.70,True,(-5.35, 1.08, 0.93),Yellow,(0.05, 0.05, 0.05),1
2025-01-06 17:05:31,1.71,True,(-5.35, 1.08, 0.93),Yellow,(0.05, 0.05, 0.05),1
2025-01-06 17:05:31,1.73,True,(-5.35, 1.08, 0.93),Yellow,(0.05, 0.05, 0.05),1
2025-01-06 17:05:31,1.74,True,(-5.35, 1.08, 0.93),Yellow,(0.05, 0.05, 0.05),1
2025-01-06 17:05:31,1.76,True,(-5.35, 1.08, 0.93),Yellow,(0.05, 0.05, 0.05),1
2025-01-06 17:05:31,1.77,True,(-5.35, 1.08, 0.93),Yellow,(0.05, 0.05, 0.05),1
2025-01-06 17:05:31,1.78,True,(-5.35, 1.08, 0.93),Yellow,(0.05, 0.05, 0.05),1
2025-01-06 17:05:31,1.80,True,(-5.35, 1.08, 0.93),Yellow,(0.05, 0.05, 0.05),1
2025-01-06 17:05:31,1.81,True,(-5.35, 1.08, 0.93),Yellow,(0.05, 0.05, 0.05),1
2025-01-06 17:05:31,1.82,True,(-5.35, 1.08, 0.93),Yellow,(0.05, 0.05, 0.05),1
2025-01-06 17:05:31,1.84,True,(-5.35, 1.08, 0.93),Yellow,(0.05, 0.05, 0.05),1
2025-01-06 17:05:31,1.85,True,(-5.35, 1.08, 0.93),Yellow,(0.05, 0.05, 0.05),1
2025-01-06 17:05:31,1.87,True,(-5.35, 1.08, 0.93),Yellow,(0.05, 0.05, 0.05),1
2025-01-06 17:05:31,1.88,True,(-5.35, 1.08, 0.93),Yellow,(0.05, 0.05, 0.05),1
2025-01-06 17:05:31,1.89,True,(-5.35, 1.08, 0.93),Yellow,(0.05, 0.05, 0.05),1
2025-01-06 17:05:31,1.91,True,(-5.35, 1.08, 0.93),Yellow,(0.05, 0.05, 0.05),1
2025-01-06 17:05:31,1.92,True,(-5.35, 1.08, 0.93),Yellow,(0.05, 0.05, 0.05),1
2025-01-06 17:05:31,1.94,True,(-5.35, 1.08, 0.93),Yellow,(0.05, 0.05, 0.05),1
2025-01-06 17:05:31,1.95,True,(-5.35, 1.08, 0.93),Yellow,(0.05, 0.05, 0.05),1
2025-01-06 17:05:31,1.96,True,(-5.37, 1.07, 0.96),Yellow,(0.05, 0.05, 0.05),1
2025-01-06 17:05:31,1.98,True,(-5.37, 1.07, 0.96),Yellow,(0.05, 0.05, 0.05),1
2025-01-06 17:05:31,1.99,True,(-5.37, 1.07, 0.96),Yellow,(0.05, 0.05, 0.05),1
2025-01-06 17:05:31,2.01,True,(-5.37, 1.07, 0.96),Yellow,(0.05, 0.05, 0.05),1
2025-01-06 17:05:31,2.02,True,(-5.37, 1.07, 0.96),Yellow,(0.05, 0.05, 0.05),1
2025-01-06 17:05:31,2.03,True,(-5.37, 1.07, 0.96),Yellow,(0.05, 0.05, 0.05),1
2025-01-06 17:05:31,2.05,True,(-5.37, 1.07, 0.96),Yellow,(0.05, 0.05, 0.05),1
2025-01-06 17:05:31,2.06,True,(-5.37, 1.07, 0.96),Yellow,(0.05, 0.05, 0.05),1
2025-01-06 17:05:31,2.08,True,(-5.37, 1.07, 0.96),Yellow,(0.05, 0.05, 0.05),1
2025-01-06 17:05:31,2.09,True,(-5.37, 1.07, 0.96),Yellow,(0.05, 0.05, 0.05),1
2025-01-06 17:05:31,2.10,True,(-5.37, 1.07, 0.96),Yellow,(0.05, 0.05, 0.05),1
2025-01-06 17:05:31,2.12,True,(-5.37, 1.07, 0.96),Yellow,(0.05, 0.05, 0.05),1
2025-01-06 17:05:31,2.13,True,(-5.37, 1.07, 0.96),Yellow,(0.05, 0.05, 0.05),1
2025-01-06 17:05:31,2.15,True,(-5.37, 1.07, 0.96),Yellow,(0.05, 0.05, 0.05),1
2025-01-06 17:05:31,2.16,True,(-5.37, 1.07, 0.96),Yellow,(0.05, 0.05, 0.05),1
2025-01-06 17:05:31,2.17,True,(-5.37, 1.07, 0.96),Yellow,(0.05, 0.05, 0.05),1
2025-01-06 17:05:31,2.19,True,(-5.37, 1.07, 0.96),Yellow,(0.05, 0.05, 0.05),1
2025-01-06 17:05:31,2.20,True,(-5.37, 1.07, 0.96),Yellow,(0.05, 0.05, 0.05),1
2025-01-06 17:05:31,2.22,True,(-5.37, 1.07, 0.96),Yellow,(0.05, 0.05, 0.05),1
2025-01-06 17:05:31,2.23,True,(-5.37, 1.07, 0.96),Yellow,(0.05, 0.05, 0.05),1
2025-01-06 17:05:31,2.24,True,(-5.37, 1.07, 0.96),Yellow,(0.05, 0.05, 0.05),1
2025-01-06 17:05:31,2.26,True,(-5.37, 1.07, 0.96),Yellow,(0.05, 0.05, 0.05),1
2025-01-06 17:05:31,2.27,True,(-5.37, 1.07, 0.96),Yellow,(0.05, 0.05, 0.05),1
2025-01-06 17:05:31,2.28,True,(-5.37, 1.07, 0.96),Yellow,(0.05, 0.05, 0.05),1
2025-01-06 17:05:31,2.30,True,(-5.37, 1.07, 0.96),Yellow,(0.05, 0.05, 0.05),1
2025-01-06 17:05:31,2.31,True,(-5.37, 1.07, 0.96),Yellow,(0.05, 0.05, 0.05),1
2025-01-06 17:05:31,2.33,True,(-5.37, 1.07, 0.96),Yellow,(0.05, 0.05, 0.05),1
2025-01-06 17:05:31,2.34,True,(-5.37, 1.07, 0.96),Yellow,(0.05, 0.05, 0.05),1
2025-01-06 17:05:31,2.35,True,(-5.37, 1.06, 0.96),Yellow,(0.05, 0.05, 0.05),1
2025-01-06 17:05:31,2.37,True,(-5.37, 1.06, 0.96),Yellow,(0.05, 0.05, 0.05),1
2025-01-06 17:05:31,2.38,True,(-5.37, 1.06, 0.96),Yellow,(0.05, 0.05, 0.05),1
2025-01-06 17:05:31,2.40,True,(-5.37, 1.06, 0.96),Yellow,(0.05, 0.05, 0.05),1
2025-01-06 17:05:31,2.41,True,(-5.37, 1.06, 0.96),Yellow,(0.05, 0.05, 0.05),1
2025-01-06 17:05:31,2.42,True,(-5.37, 1.06, 0.96),Yellow,(0.05, 0.05, 0.05),1
2025-01-06 17:05:31,2.44,True,(-5.37, 1.06, 0.96),Yellow,(0.05, 0.05, 0.05),1
2025-01-06 17:05:31,2.45,True,(-5.37, 1.06, 0.96),Yellow,(0.05, 0.05, 0.05),1
2025-01-06 17:05:31,2.47,True,(-5.37, 1.06, 0.96),Yellow,(0.05, 0.05, 0.05),1
2025-01-06 17:05:31,2.48,True,(-5.37, 1.06, 0.96),Yellow,(0.05, 0.05, 0.05),1
2025-01-06 17:05:31,2.49,True,(-5.37, 1.06, 0.96),Yellow,(0.05, 0.05, 0.05),1
2025-01-06 17:05:31,2.51,True,(-5.38, 1.06, 0.96),Yellow,(0.05, 0.05, 0.05),1
2025-01-06 17:05:31,2.52,True,(-5.38, 1.06, 0.96),Yellow,(0.05, 0.05, 0.05),1
2025-01-06 17:05:31,2.54,True,(-5.38, 1.06, 0.95),Yellow,(0.05, 0.05, 0.05),1
2025-01-06 17:05:31,2.55,True,(-5.38, 1.06, 0.95),Yellow,(0.05, 0.05, 0.05),1
2025-01-06 17:05:31,2.56,True,(-5.38, 1.06, 0.95),Yellow,(0.05, 0.05, 0.05),1
2025-01-06 17:05:31,2.58,True,(-5.38, 1.05, 0.93),Yellow,(0.05, 0.05, 0.05),1
2025-01-06 17:05:31,2.59,True,(-5.38, 1.05, 0.93),Yellow,(0.05, 0.05, 0.05),1
2025-01-06 17:05:31,2.61,True,(-5.38, 1.05, 0.93),Yellow,(0.05, 0.05, 0.05),1
2025-01-06 17:05:31,2.62,True,(-5.38, 1.05, 0.93),Yellow,(0.05, 0.05, 0.05),1
2025-01-06 17:05:32,2.63,True,(-5.38, 1.05, 0.93),Yellow,(0.05, 0.05, 0.05),1
2025-01-06 17:05:32,2.65,True,(-5.38, 1.05, 0.93),Yellow,(0.05, 0.05, 0.05),1
2025-01-06 17:05:32,2.66,True,(-5.38, 1.05, 0.93),Yellow,(0.05, 0.05, 0.05),1
2025-01-06 17:05:32,2.68,True,(-5.38, 1.05, 0.93),Yellow,(0.05, 0.05, 0.05),1
2025-01-06 17:05:32,2.69,True,(-5.38, 1.05, 0.93),Yellow,(0.05, 0.05, 0.05),1
2025-01-06 17:05:32,2.70,True,(-5.38, 1.05, 0.93),Yellow,(0.05, 0.05, 0.05),1
2025-01-06 17:05:32,2.72,True,(-5.38, 1.05, 0.93),Yellow,(0.05, 0.05, 0.05),1
2025-01-06 17:05:32,2.73,True,(-5.39, 1.05, 0.93),Yellow,(0.05, 0.05, 0.05),1
2025-01-06 17:05:32,2.74,True,(-5.39, 1.05, 0.93),Yellow,(0.05, 0.05, 0.05),1
2025-01-06 17:05:32,2.76,True,(-5.39, 1.05, 0.93),Yellow,(0.05, 0.05, 0.05),1
2025-01-06 17:05:32,2.77,True,(-5.40, 1.04, 0.93),Yellow,(0.05, 0.05, 0.05),1
2025-01-06 17:05:32,2.79,True,(-5.40, 1.04, 0.93),Yellow,(0.05, 0.05, 0.05),1
2025-01-06 17:05:32,2.80,True,(-5.41, 1.03, 0.94),Yellow,(0.05, 0.05, 0.05),1
2025-01-06 17:05:32,2.81,True,(-5.41, 1.03, 0.94),Yellow,(0.05, 0.05, 0.05),1
2025-01-06 17:05:32,2.83,True,(-5.41, 1.03, 0.94),Yellow,(0.05, 0.05, 0.05),1
2025-01-06 17:05:32,2.84,True,(-5.41, 1.03, 0.94),Yellow,(0.05, 0.05, 0.05),1
2025-01-06 17:05:32,2.86,True,(-5.41, 1.03, 0.94),Yellow,(0.05, 0.05, 0.05),1
2025-01-06 17:05:32,2.87,True,(-5.41, 1.03, 0.94),Yellow,(0.05, 0.05, 0.05),1
2025-01-06 17:05:32,2.88,True,(-5.41, 1.03, 0.94),Yellow,(0.05, 0.05, 0.05),1
2025-01-06 17:05:32,2.90,True,(-5.41, 1.03, 0.94),Yellow,(0.05, 0.05, 0.05),1
2025-01-06 17:05:32,2.91,True,(-5.41, 1.03, 0.94),Yellow,(0.05, 0.05, 0.05),1
2025-01-06 17:05:32,2.93,True,(-5.41, 1.03, 0.94),Yellow,(0.05, 0.05, 0.05),1
2025-01-06 17:05:32,2.94,True,(-5.41, 1.03, 0.94),Yellow,(0.05, 0.05, 0.05),1
2025-01-06 17:05:32,2.95,True,(-5.41, 1.03, 0.94),Yellow,(0.05, 0.05, 0.05),1
2025-01-06 17:05:32,2.97,True,(-5.41, 1.03, 0.94),Yellow,(0.05, 0.05, 0.05),1
2025-01-06 17:05:32,2.98,True,(-5.41, 1.03, 0.94),Yellow,(0.05, 0.05, 0.05),1
2025-01-06 17:05:32,3.00,True,(-5.41, 1.03, 0.94),Yellow,(0.05, 0.05, 0.05),1
2025-01-06 17:05:32,3.01,True,(-5.41, 1.03, 0.94),Yellow,(0.05, 0.05, 0.05),1
2025-01-06 17:05:32,3.02,True,(-5.41, 1.03, 0.94),Yellow,(0.05, 0.05, 0.05),1
2025-01-06 17:05:32,3.04,True,(-5.41, 1.03, 0.94),Yellow,(0.05, 0.05, 0.05),1
2025-01-06 17:05:32,3.05,True,(-5.41, 1.03, 0.94),Yellow,(0.05, 0.05, 0.05),1
2025-01-06 17:05:32,3.06,True,(-5.41, 1.03, 0.94),Yellow,(0.05, 0.05, 0.05),1
2025-01-06 17:05:32,3.08,True,(-5.41, 1.03, 0.94),Yellow,(0.05, 0.05, 0.05),1
2025-01-06 17:05:32,3.09,True,(-5.41, 1.03, 0.94),Yellow,(0.05, 0.05, 0.05),1
2025-01-06 17:05:32,3.11,True,(-5.41, 1.03, 0.94),Yellow,(0.05, 0.05, 0.05),1
2025-01-06 17:05:32,3.12,True,(-5.41, 1.03, 0.94),Yellow,(0.05, 0.05, 0.05),1
2025-01-06 17:05:32,3.14,True,(-5.41, 1.03, 0.94),Yellow,(0.05, 0.05, 0.05),1
2025-01-06 17:05:32,3.15,True,(-5.41, 1.03, 0.94),Yellow,(0.05, 0.05, 0.05),1
2025-01-06 17:05:32,3.16,True,(-5.41, 1.03, 0.94),Yellow,(0.05, 0.05, 0.05),1
2025-01-06 17:05:32,3.18,True,(-5.41, 1.03, 0.94),Yellow,(0.05, 0.05, 0.05),1
2025-01-06 17:05:32,3.19,True,(-5.41, 1.03, 0.93),Yellow,(0.05, 0.05, 0.05),1
2025-01-06 17:05:32,3.20,True,(-5.41, 1.03, 0.93),Yellow,(0.05, 0.05, 0.05),1
2025-01-06 17:05:32,3.22,True,(-5.41, 1.03, 0.93),Yellow,(0.05, 0.05, 0.05),1
2025-01-06 17:05:32,3.23,True,(-5.41, 1.03, 0.93),Yellow,(0.05, 0.05, 0.05),1
2025-01-06 17:05:32,3.25,True,(-5.41, 1.03, 0.93),Yellow,(0.05, 0.05, 0.05),1
2025-01-06 17:05:32,3.26,True,(-5.41, 1.03, 0.93),Yellow,(0.05, 0.05, 0.05),1
2025-01-06 17:05:32,3.27,True,(-5.41, 1.03, 0.93),Yellow,(0.05, 0.05, 0.05),1
2025-01-06 17:05:32,3.29,True,(-5.41, 1.03, 0.93),Yellow,(0.05, 0.05, 0.05),1
2025-01-06 17:05:32,3.30,True,(-5.41, 1.03, 0.93),Yellow,(0.05, 0.05, 0.05),1
2025-01-06 17:05:32,3.32,True,(-5.41, 1.04, 0.93),Yellow,(0.05, 0.05, 0.05),1
2025-01-06 17:05:32,3.33,True,(-5.40, 1.04, 0.93),Yellow,(0.05, 0.05, 0.05),1
2025-01-06 17:05:32,3.34,True,(-5.40, 1.04, 0.93),Yellow,(0.05, 0.05, 0.05),1
2025-01-06 17:05:32,3.36,True,(-5.38, 1.06, 0.94),Yellow,(0.05, 0.05, 0.05),1
2025-01-06 17:05:32,3.37,True,(-5.38, 1.06, 0.94),Yellow,(0.05, 0.05, 0.05),1
2025-01-06 17:05:32,3.39,True,(-5.38, 1.06, 0.94),Yellow,(0.05, 0.05, 0.05),1
2025-01-06 17:05:32,3.40,True,(-5.36, 1.07, 0.94),Yellow,(0.05, 0.05, 0.05),1
2025-01-06 17:05:32,3.41,True,(-5.36, 1.08, 0.94),Yellow,(0.05, 0.05, 0.05),1
2025-01-06 17:05:32,3.43,True,(-5.36, 1.08, 0.95),Yellow,(0.05, 0.05, 0.05),1
2025-01-06 17:05:32,3.44,True,(-5.35, 1.08, 0.95),Yellow,(0.05, 0.05, 0.05),1
2025-01-06 17:05:32,3.45,True,(-5.35, 1.08, 0.95),Yellow,(0.05, 0.05, 0.05),1
2025-01-06 17:05:32,3.47,True,(-5.35, 1.08, 0.95),Yellow,(0.05, 0.05, 0.05),1
2025-01-06 17:05:32,3.48,True,(-5.35, 1.09, 0.95),Yellow,(0.05, 0.05, 0.05),1
2025-01-06 17:05:32,3.50,True,(-5.35, 1.09, 0.95),Yellow,(0.05, 0.05, 0.05),1
2025-01-06 17:05:32,3.51,True,(-5.34, 1.09, 0.95),Yellow,(0.05, 0.05, 0.05),1
2025-01-06 17:05:32,3.52,True,(-5.34, 1.09, 0.95),Yellow,(0.05, 0.05, 0.05),1
2025-01-06 17:05:32,3.54,True,(-5.34, 1.10, 0.95),Yellow,(0.05, 0.05, 0.05),1
2025-01-06 17:05:32,3.55,True,(-5.33, 1.10, 0.95),Yellow,(0.05, 0.05, 0.05),1
2025-01-06 17:05:32,3.57,True,(-5.31, 1.12, 0.96),Yellow,(0.05, 0.05, 0.05),1
2025-01-06 17:05:32,3.58,True,(-5.31, 1.12, 0.96),Yellow,(0.05, 0.05, 0.05),1
2025-01-06 17:05:32,3.59,True,(-5.31, 1.12, 0.96),Yellow,(0.05, 0.05, 0.05),1
2025-01-06 17:05:32,3.61,True,(-5.30, 1.12, 0.96),Yellow,(0.05, 0.05, 0.05),1
2025-01-06 17:05:32,3.62,True,(-5.31, 1.12, 0.96),Yellow,(0.05, 0.05, 0.05),1
2025-01-06 17:05:33,3.64,True,(-5.31, 1.12, 0.96),Yellow,(0.05, 0.05, 0.05),1
2025-01-06 17:05:33,3.65,True,(-5.31, 1.12, 0.96),Yellow,(0.05, 0.05, 0.05),1
2025-01-06 17:05:33,3.66,True,(-5.30, 1.12, 0.96),Yellow,(0.05, 0.05, 0.05),1
2025-01-06 17:05:33,3.68,True,(-5.31, 1.12, 0.96),Yellow,(0.05, 0.05, 0.05),1
2025-01-06 17:05:33,3.69,True,(-5.31, 1.12, 0.96),Yellow,(0.05, 0.05, 0.05),1
2025-01-06 17:05:33,3.71,True,(-5.31, 1.12, 0.96),Yellow,(0.05, 0.05, 0.05),1
2025-01-06 17:05:33,3.72,True,(-5.31, 1.12, 0.96),Yellow,(0.05, 0.05, 0.05),1
2025-01-06 17:05:33,3.73,True,(-5.31, 1.12, 0.97),Yellow,(0.05, 0.05, 0.05),1
2025-01-06 17:05:33,3.75,True,(-5.31, 1.12, 0.97),Yellow,(0.05, 0.05, 0.05),1
2025-01-06 17:05:33,3.76,True,(-5.31, 1.12, 0.97),Yellow,(0.05, 0.05, 0.05),1
2025-01-06 17:05:33,3.78,True,(-5.30, 1.13, 0.97),Yellow,(0.05, 0.05, 0.05),1
2025-01-06 17:05:33,3.79,True,(-5.30, 1.12, 1.01),Yellow,(0.05, 0.05, 0.05),1
2025-01-06 17:05:33,3.80,True,(-5.29, 1.12, 1.02),Yellow,(0.05, 0.05, 0.05),1
2025-01-06 17:05:33,3.82,True,(-2.93, 0.57, 2.42),Yellow,(0.05, 0.05, 0.05),1
2025-01-06 17:05:33,3.83,True,(-3.88, 0.81, 2.42),Yellow,(0.05, 0.05, 0.05),1
2025-01-06 17:05:33,3.85,True,(-3.98, 0.83, 2.42),Yellow,(0.05, 0.05, 0.05),1
2025-01-06 17:05:33,3.86,True,(-4.39, 0.92, 2.42),Yellow,(0.05, 0.05, 0.05),1
2025-01-06 17:05:33,3.87,True,(-4.47, 0.93, 2.42),Yellow,(0.05, 0.05, 0.05),1
2025-01-06 17:05:33,3.89,True,(-4.65, 0.96, 2.25),Yellow,(0.05, 0.05, 0.05),1
2025-01-06 17:05:33,3.90,True,(-4.71, 0.97, 2.25),Yellow,(0.05, 0.05, 0.05),1
2025-01-06 17:05:33,3.91,True,(-4.76, 0.98, 2.25),Yellow,(0.05, 0.05, 0.05),1
2025-01-06 17:05:33,3.93,True,(-4.71, 0.96, 2.25),Yellow,(0.05, 0.05, 0.05),1
2025-01-06 17:05:33,3.94,True,(-4.76, 0.98, 2.25),Yellow,(0.05, 0.05, 0.05),1
2025-01-06 17:05:33,3.96,True,(-4.69, 0.94, 2.25),Yellow,(0.05, 0.05, 0.05),1
2025-01-06 17:05:33,3.97,True,(-4.75, 0.95, 2.25),Yellow,(0.05, 0.05, 0.05),1
2025-01-06 17:05:33,3.98,True,(-4.79, 0.96, 2.28),Yellow,(0.05, 0.05, 0.05),1
2025-01-06 17:05:33,4.00,True,(-4.71, 0.94, 2.25),Yellow,(0.05, 0.05, 0.05),1
2025-01-06 17:05:33,4.01,True,(-4.77, 0.95, 2.25),Yellow,(0.05, 0.05, 0.05),1
2025-01-06 17:05:33,4.03,True,(-4.67, 0.93, 2.25),Yellow,(0.05, 0.05, 0.05),1
2025-01-06 17:05:33,4.04,True,(-4.74, 0.94, 2.25),Yellow,(0.05, 0.05, 0.05),1
2025-01-06 17:05:33,4.05,True,(-4.79, 0.93, 2.27),Yellow,(0.05, 0.05, 0.05),1
2025-01-06 17:05:33,4.07,True,(-4.79, 0.92, 2.42),Yellow,(0.05, 0.05, 0.05),1
2025-01-06 17:05:33,4.08,True,(-4.85, 0.93, 2.42),Yellow,(0.05, 0.05, 0.05),1
2025-01-06 17:05:33,4.10,True,(-5.00, 0.90, 2.42),Yellow,(0.05, 0.05, 0.05),1
2025-01-06 17:05:33,4.11,True,(-5.05, 0.90, 2.42),Yellow,(0.05, 0.05, 0.05),1
2025-01-06 17:05:33,4.12,True,(-5.39, 0.96, 2.27),Yellow,(0.05, 0.05, 0.05),1
2025-01-06 17:05:33,4.14,True,(-5.43, 0.97, 2.27),Yellow,(0.05, 0.05, 0.05),1
2025-01-06 17:05:33,4.15,True,(-5.48, 0.97, 2.27),Yellow,(0.05, 0.05, 0.05),1
2025-01-06 17:05:33,4.17,True,(-5.64, 0.98, 2.24),Yellow,(0.05, 0.05, 0.05),1
2025-01-06 17:05:33,4.18,True,(-5.68, 0.98, 2.24),Yellow,(0.05, 0.05, 0.05),1
2025-01-06 17:05:33,4.19,True,(-5.76, 0.92, 2.42),Yellow,(0.05, 0.05, 0.05),1
2025-01-06 17:05:33,4.21,True,(-5.80, 0.93, 2.42),Yellow,(0.05, 0.05, 0.05),1
2025-01-06 17:05:33,4.22,True,(-5.69, 0.92, 2.42),Yellow,(0.05, 0.05, 0.05),1
2025-01-06 17:05:33,4.23,True,(-5.73, 0.92, 2.42),Yellow,(0.05, 0.05, 0.05),1
2025-01-06 17:05:33,4.25,True,(-5.77, 0.92, 2.42),Yellow,(0.05, 0.05, 0.05),1
2025-01-06 17:05:33,4.26,True,(-5.68, 0.90, 2.42),Yellow,(0.05, 0.05, 0.05),1
2025-01-06 17:05:33,4.28,True,(-5.72, 0.90, 2.42),Yellow,(0.05, 0.05, 0.05),1
2025-01-06 17:05:33,4.29,True,(-5.60, 0.89, 2.42),Yellow,(0.05, 0.05, 0.05),1
2025-01-06 17:05:33,4.30,True,(-5.63, 0.89, 2.42),Yellow,(0.05, 0.05, 0.05),1
2025-01-06 17:05:33,4.32,True,(-5.67, 0.89, 2.42),Yellow,(0.05, 0.05, 0.05),1
2025-01-06 17:05:33,4.33,True,(-5.60, 0.89, 2.42),Yellow,(0.05, 0.05, 0.05),1
2025-01-06 17:05:33,4.35,True,(-5.63, 0.89, 2.42),Yellow,(0.05, 0.05, 0.05),1
2025-01-06 17:05:33,4.36,True,(-5.67, 0.89, 2.42),Yellow,(0.05, 0.05, 0.05),1
2025-01-06 17:05:33,4.37,True,(-5.70, 0.90, 2.42),Yellow,(0.05, 0.05, 0.05),1
2025-01-06 17:05:33,4.39,True,(-5.82, 0.96, 2.42),Yellow,(0.05, 0.05, 0.05),1
2025-01-06 17:05:33,4.40,True,(-5.85, 0.97, 2.42),Yellow,(0.05, 0.05, 0.05),1
2025-01-06 17:05:33,4.42,True,(-5.88, 0.97, 2.42),Yellow,(0.05, 0.05, 0.05),1
2025-01-06 17:05:33,4.43,True,(-6.25, 1.06, 2.42),Yellow,(0.05, 0.05, 0.05),1
2025-01-06 17:05:33,4.44,True,(-6.29, 1.06, 2.42),Yellow,(0.05, 0.05, 0.05),1
2025-01-06 17:05:33,4.46,True,(-6.32, 1.07, 2.42),Yellow,(0.05, 0.05, 0.05),1
2025-01-06 17:05:33,4.47,True,(-6.23, 1.09, 2.22),Yellow,(0.05, 0.05, 0.05),1
2025-01-06 17:05:33,4.49,True,(-6.26, 1.09, 2.22),Yellow,(0.05, 0.05, 0.05),1
2025-01-06 17:05:33,4.50,True,(-6.21, 1.10, 2.25),Yellow,(0.05, 0.05, 0.05),1
2025-01-06 17:05:33,4.51,True,(-6.23, 1.10, 2.24),Yellow,(0.05, 0.05, 0.05),1
2025-01-06 17:05:33,4.53,True,(-6.21, 1.09, 2.33),Yellow,(0.05, 0.05, 0.05),1
2025-01-06 17:05:33,4.54,True,(-6.21, 1.10, 2.29),Yellow,(0.05, 0.05, 0.05),1
2025-01-06 17:05:33,4.56,True,(-6.21, 1.10, 2.25),Yellow,(0.05, 0.05, 0.05),1
2025-01-06 17:05:33,4.57,True,(-6.20, 1.06, 2.42),Yellow,(0.05, 0.05, 0.05),1
2025-01-06 17:05:33,4.58,True,(-6.22, 1.06, 2.42),Yellow,(0.05, 0.05, 0.05),1
2025-01-06 17:05:33,4.60,True,(-6.16, 1.04, 2.42),Yellow,(0.05, 0.05, 0.05),1
2025-01-06 17:05:33,4.61,True,(-6.17, 1.04, 2.42),Yellow,(0.05, 0.05, 0.05),1
2025-01-06 17:05:33,4.62,True,(-6.12, 1.03, 2.42),Yellow,(0.05, 0.05, 0.05),1
2025-01-06 17:05:34,4.64,True,(-6.14, 1.03, 2.42),Yellow,(0.05, 0.05, 0.05),1
2025-01-06 17:05:34,4.65,True,(-6.15, 1.04, 2.42),Yellow,(0.05, 0.05, 0.05),1
2025-01-06 17:05:34,4.67,True,(-6.10, 1.01, 2.42),Yellow,(0.05, 0.05, 0.05),1
2025-01-06 17:05:34,4.68,True,(-6.10, 1.02, 2.42),Yellow,(0.05, 0.05, 0.05),1
2025-01-06 17:05:34,4.69,True,(-6.09, 1.02, 2.42),Yellow,(0.05, 0.05, 0.05),1
2025-01-06 17:05:34,4.71,True,(-6.09, 1.02, 2.42),Yellow,(0.05, 0.05, 0.05),1
2025-01-06 17:05:34,4.72,True,(-6.08, 1.02, 2.42),Yellow,(0.05, 0.05, 0.05),1
2025-01-06 17:05:34,4.74,True,(-6.08, 1.02, 2.42),Yellow,(0.05, 0.05, 0.05),1
2025-01-06 17:05:34,4.75,True,(-6.09, 1.02, 2.42),Yellow,(0.05, 0.05, 0.05),1
2025-01-06 17:05:34,4.76,True,(-6.06, 1.02, 2.42),Yellow,(0.05, 0.05, 0.05),1
2025-01-06 17:05:34,4.78,True,(-6.07, 1.02, 2.42),Yellow,(0.05, 0.05, 0.05),1
2025-01-06 17:05:34,4.79,True,(-6.05, 1.01, 2.42),Yellow,(0.05, 0.05, 0.05),1
2025-01-06 17:05:34,4.81,True,(-6.05, 1.01, 2.42),Yellow,(0.05, 0.05, 0.05),1
2025-01-06 17:05:34,4.82,True,(-6.05, 1.01, 2.42),Yellow,(0.05, 0.05, 0.05),1
2025-01-06 17:05:34,4.83,True,(-6.03, 1.01, 2.42),Yellow,(0.05, 0.05, 0.05),1
2025-01-06 17:05:34,4.85,True,(-6.03, 1.01, 2.42),Yellow,(0.05, 0.05, 0.05),1
2025-01-06 17:05:34,4.86,True,(-6.01, 1.01, 2.42),Yellow,(0.05, 0.05, 0.05),1
2025-01-06 17:05:34,4.88,True,(-6.01, 1.01, 2.42),Yellow,(0.05, 0.05, 0.05),1
2025-01-06 17:05:34,4.89,True,(-5.99, 1.00, 2.42),Yellow,(0.05, 0.05, 0.05),1
2025-01-06 17:05:34,4.90,True,(-5.98, 1.00, 2.42),Yellow,(0.05, 0.05, 0.05),1
2025-01-06 17:05:34,4.92,True,(-5.96, 1.00, 2.42),Yellow,(0.05, 0.05, 0.05),1
2025-01-06 17:05:34,4.93,True,(-5.93, 1.02, 2.42),Yellow,(0.05, 0.05, 0.05),1
2025-01-06 17:05:34,4.95,True,(-5.91, 1.02, 2.42),Yellow,(0.05, 0.05, 0.05),1
2025-01-06 17:05:34,4.96,True,(-5.88, 1.00, 2.42),Yellow,(0.05, 0.05, 0.05),1
2025-01-06 17:05:34,4.97,True,(-5.85, 1.00, 2.42),Yellow,(0.05, 0.05, 0.05),1
2025-01-06 17:05:34,4.99,True,(-5.81, 1.00, 2.42),Yellow,(0.05, 0.05, 0.05),1
2025-01-06 17:05:34,5.00,True,(-5.72, 1.03, 2.25),Yellow,(0.05, 0.05, 0.05),1
2025-01-06 17:05:34,5.02,True,(-5.68, 1.02, 2.25),Yellow,(0.05, 0.05, 0.05),1
2025-01-06 17:05:34,5.03,True,(-5.48, 1.01, 2.41),Yellow,(0.05, 0.05, 0.05),1
2025-01-06 17:05:34,5.04,True,(-5.43, 1.01, 2.36),Yellow,(0.05, 0.05, 0.05),1
2025-01-06 17:05:34,5.06,True,(-5.19, 0.97, 2.42),Yellow,(0.05, 0.05, 0.05),1
2025-01-06 17:05:34,5.07,True,(-5.14, 0.96, 2.42),Yellow,(0.05, 0.05, 0.05),1
2025-01-06 17:05:34,5.08,True,(-5.08, 0.95, 2.42),Yellow,(0.05, 0.05, 0.05),1
2025-01-06 17:05:34,5.10,True,(-4.81, 0.86, 2.42),Yellow,(0.05, 0.05, 0.05),1
2025-01-06 17:05:34,5.11,True,(-4.79, 0.88, 2.31),Yellow,(0.05, 0.05, 0.05),1
2025-01-06 17:05:34,5.13,True,(-4.76, 0.88, 2.24),Yellow,(0.05, 0.05, 0.05),1
2025-01-06 17:05:34,5.14,True,(-4.61, 0.82, 2.42),Yellow,(0.05, 0.05, 0.05),1
2025-01-06 17:05:34,5.15,True,(-4.53, 0.81, 2.42),Yellow,(0.05, 0.05, 0.05),1
2025-01-06 17:05:34,5.17,True,(-4.44, 0.78, 2.42),Yellow,(0.05, 0.05, 0.05),1
2025-01-06 17:05:34,5.18,True,(-4.36, 0.76, 2.42),Yellow,(0.05, 0.05, 0.05),1
2025-01-06 17:05:34,5.20,True,(-4.48, 0.77, 2.42),Yellow,(0.05, 0.05, 0.05),1
2025-01-06 17:05:34,5.21,True,(-4.40, 0.74, 2.42),Yellow,(0.05, 0.05, 0.05),1
2025-01-06 17:05:34,5.22,True,(-4.31, 0.71, 2.42),Yellow,(0.05, 0.05, 0.05),1
2025-01-06 17:05:34,5.24,True,(-4.43, 0.74, 2.42),Yellow,(0.05, 0.05, 0.05),1
2025-01-06 17:05:34,5.25,True,(-4.34, 0.71, 2.42),Yellow,(0.05, 0.05, 0.05),1
2025-01-06 17:05:34,5.27,True,(-4.45, 0.73, 2.42),Yellow,(0.05, 0.05, 0.05),1
2025-01-06 17:05:34,5.28,True,(-4.38, 0.70, 2.42),Yellow,(0.05, 0.05, 0.05),1
2025-01-06 17:05:34,5.29,True,(-4.30, 0.67, 2.42),Yellow,(0.05, 0.05, 0.05),1
2025-01-06 17:05:34,5.31,True,(-4.22, 0.63, 2.42),Yellow,(0.05, 0.05, 0.05),1
2025-01-06 17:05:34,5.32,True,(-5.32, 1.11, 1.01),Yellow,(0.05, 0.05, 0.05),1
2025-01-06 17:05:34,5.34,True,(-5.32, 1.11, 1.00),Yellow,(0.05, 0.05, 0.05),1
2025-01-06 17:05:34,5.35,True,(-5.32, 1.11, 0.99),Yellow,(0.05, 0.05, 0.05),1
2025-01-06 17:05:34,5.36,True,(-5.33, 1.10, 0.96),Yellow,(0.05, 0.05, 0.05),1
2025-01-06 17:05:34,5.38,True,(-5.33, 1.10, 0.95),Yellow,(0.05, 0.05, 0.05),1
2025-01-06 17:05:34,5.39,True,(-5.33, 1.10, 0.95),Yellow,(0.05, 0.05, 0.05),1
2025-01-06 17:05:34,5.40,True,(-5.33, 1.10, 0.95),Yellow,(0.05, 0.05, 0.05),1
2025-01-06 17:05:34,5.42,True,(-5.33, 1.10, 0.95),Yellow,(0.05, 0.05, 0.05),1
2025-01-06 17:05:34,5.43,True,(-5.33, 1.10, 0.96),Yellow,(0.05, 0.05, 0.05),1
2025-01-06 17:05:34,5.45,True,(-5.33, 1.10, 0.95),Yellow,(0.05, 0.05, 0.05),1
2025-01-06 17:05:34,5.46,True,(-5.34, 1.10, 0.96),Yellow,(0.05, 0.05, 0.05),1
2025-01-06 17:05:34,5.47,True,(-5.34, 1.10, 0.96),Yellow,(0.05, 0.05, 0.05),1
2025-01-06 17:05:34,5.49,True,(-5.34, 1.09, 0.96),Yellow,(0.05, 0.05, 0.05),1
2025-01-06 17:05:34,5.50,True,(-5.34, 1.10, 0.97),Yellow,(0.05, 0.05, 0.05),1
2025-01-06 17:05:34,5.52,True,(-5.34, 1.09, 0.96),Yellow,(0.05, 0.05, 0.05),1
2025-01-06 17:05:34,5.53,True,(-5.34, 1.09, 0.97),Yellow,(0.05, 0.05, 0.05),1
2025-01-06 17:05:34,5.54,True,(-5.34, 1.09, 0.97),Yellow,(0.05, 0.05, 0.05),1
2025-01-06 17:05:34,5.56,True,(-5.34, 1.09, 0.97),Yellow,(0.05, 0.05, 0.05),1
2025-01-06 17:05:34,5.57,True,(-5.35, 1.09, 0.97),Yellow,(0.05, 0.05, 0.05),1
2025-01-06 17:05:34,5.59,True,(-5.35, 1.09, 0.97),Yellow,(0.05, 0.05, 0.05),1
2025-01-06 17:05:34,5.60,True,(-5.35, 1.09, 0.96),Yellow,(0.05, 0.05, 0.05),1
2025-01-06 17:05:34,5.61,True,(-5.35, 1.08, 0.96),Yellow,(0.05, 0.05, 0.05),1
2025-01-06 17:05:34,5.63,True,(-5.36, 1.07, 0.94),Yellow,(0.05, 0.05, 0.05),1
2025-01-06 17:05:35,5.64,True,(-5.36, 1.07, 0.94),Yellow,(0.05, 0.05, 0.05),1
2025-01-06 17:05:35,5.66,True,(-5.36, 1.07, 0.94),Yellow,(0.05, 0.05, 0.05),1
2025-01-06 17:05:35,5.67,True,(-5.37, 1.07, 0.94),Yellow,(0.05, 0.05, 0.05),1
2025-01-06 17:05:35,5.68,True,(-5.37, 1.07, 0.94),Yellow,(0.05, 0.05, 0.05),1
2025-01-06 17:05:35,5.70,True,(-5.37, 1.07, 0.94),Yellow,(0.05, 0.05, 0.05),1
2025-01-06 17:05:35,5.71,True,(-5.37, 1.07, 0.94),Yellow,(0.05, 0.05, 0.05),1
2025-01-06 17:05:35,5.72,True,(-5.37, 1.07, 0.94),Yellow,(0.05, 0.05, 0.05),1
2025-01-06 17:05:35,5.74,True,(-5.37, 1.07, 0.94),Yellow,(0.05, 0.05, 0.05),1
2025-01-06 17:05:35,5.75,True,(-5.37, 1.07, 0.94),Yellow,(0.05, 0.05, 0.05),1
2025-01-06 17:05:35,5.77,True,(-5.37, 1.07, 0.94),Yellow,(0.05, 0.05, 0.05),1
2025-01-06 17:05:35,5.78,True,(-5.37, 1.06, 0.94),Yellow,(0.05, 0.05, 0.05),1
2025-01-06 17:05:35,5.79,True,(-5.37, 1.06, 0.94),Yellow,(0.05, 0.05, 0.05),1
2025-01-06 17:05:35,5.81,True,(-5.37, 1.06, 0.94),Yellow,(0.05, 0.05, 0.05),1
2025-01-06 17:05:35,5.82,True,(-5.38, 1.06, 0.94),Yellow,(0.05, 0.05, 0.05),1
2025-01-06 17:05:35,5.84,True,(-5.38, 1.06, 0.94),Yellow,(0.05, 0.05, 0.05),1
2025-01-06 17:05:35,5.85,True,(-5.38, 1.06, 0.94),Yellow,(0.05, 0.05, 0.05),1
2025-01-06 17:05:35,5.86,True,(-5.38, 1.05, 0.93),Yellow,(0.05, 0.05, 0.05),1
2025-01-06 17:05:35,5.88,True,(-5.38, 1.05, 0.93),Yellow,(0.05, 0.05, 0.05),1
2025-01-06 17:05:35,5.89,True,(-5.39, 1.05, 0.92),Yellow,(0.05, 0.05, 0.05),1
2025-01-06 17:05:35,5.91,True,(-5.39, 1.05, 0.92),Yellow,(0.05, 0.05, 0.05),1
2025-01-06 17:05:35,5.92,True,(-5.39, 1.05, 0.92),Yellow,(0.05, 0.05, 0.05),1
2025-01-06 17:05:35,5.93,True,(-5.39, 1.05, 0.92),Yellow,(0.05, 0.05, 0.05),1
2025-01-06 17:05:35,5.95,True,(-5.39, 1.05, 0.92),Yellow,(0.05, 0.05, 0.05),1
2025-01-06 17:05:35,5.96,True,(-5.39, 1.05, 0.92),Yellow,(0.05, 0.05, 0.05),1
2025-01-06 17:05:35,5.98,True,(-5.39, 1.05, 0.92),Yellow,(0.05, 0.05, 0.05),1
2025-01-06 17:05:35,5.99,True,(-5.39, 1.04, 0.92),Yellow,(0.05, 0.05, 0.05),1
2025-01-06 17:05:35,6.00,True,(-5.39, 1.04, 0.93),Yellow,(0.05, 0.05, 0.05),1
2025-01-06 17:05:35,6.02,True,(-5.39, 1.04, 0.93),Yellow,(0.05, 0.05, 0.05),1
2025-01-06 17:05:35,6.03,True,(-5.39, 1.04, 0.93),Yellow,(0.05, 0.05, 0.05),1
2025-01-06 17:05:35,6.05,True,(-5.40, 1.04, 0.93),Yellow,(0.05, 0.05, 0.05),1
2025-01-06 17:05:35,6.06,True,(-5.40, 1.04, 0.93),Yellow,(0.05, 0.05, 0.05),1
2025-01-06 17:05:35,6.07,True,(-5.40, 1.04, 0.93),Yellow,(0.05, 0.05, 0.05),1
2025-01-06 17:05:35,6.09,True,(-5.40, 1.04, 0.93),Yellow,(0.05, 0.05, 0.05),1
2025-01-06 17:05:35,6.10,True,(-5.40, 1.04, 0.93),Yellow,(0.05, 0.05, 0.05),1
2025-01-06 17:05:35,6.11,True,(-5.40, 1.04, 0.93),Yellow,(0.05, 0.05, 0.05),1
2025-01-06 17:05:35,6.13,True,(-5.40, 1.04, 0.93),Yellow,(0.05, 0.05, 0.05),1
2025-01-06 17:05:35,6.14,True,(-5.41, 1.03, 0.93),Yellow,(0.05, 0.05, 0.05),1
2025-01-06 17:05:35,6.16,True,(-5.41, 1.03, 0.93),Yellow,(0.05, 0.05, 0.05),1
2025-01-06 17:05:35,6.17,True,(-5.41, 1.03, 0.93),Yellow,(0.05, 0.05, 0.05),1
2025-01-06 17:05:35,6.18,True,(-5.41, 1.03, 0.93),Yellow,(0.05, 0.05, 0.05),1
2025-01-06 17:05:35,6.20,True,(-5.42, 1.02, 0.94),Yellow,(0.05, 0.05, 0.05),1
2025-01-06 17:05:35,6.21,True,(-5.42, 1.02, 0.94),Yellow,(0.05, 0.05, 0.05),1
2025-01-06 17:05:35,6.23,True,(-5.43, 1.00, 0.95),Yellow,(0.05, 0.05, 0.05),1
2025-01-06 17:05:35,6.24,True,(-5.44, 1.00, 0.95),Yellow,(0.05, 0.05, 0.05),1
2025-01-06 17:05:35,6.25,True,(-5.44, 1.00, 0.95),Yellow,(0.05, 0.05, 0.05),1
2025-01-06 17:05:35,6.27,True,(-5.44, 1.00, 0.95),Yellow,(0.05, 0.05, 0.05),1
2025-01-06 17:05:35,6.28,True,(-5.45, 0.99, 0.95),Yellow,(0.05, 0.05, 0.05),1
2025-01-06 17:05:35,6.30,True,(-5.45, 0.99, 0.95),Yellow,(0.05, 0.05, 0.05),1
2025-01-06 17:05:35,6.31,True,(-5.45, 0.99, 0.95),Yellow,(0.05, 0.05, 0.05),1
2025-01-06 17:05:35,6.32,True,(-5.45, 0.99, 0.95),Yellow,(0.05, 0.05, 0.05),1
2025-01-06 17:05:35,6.34,True,(-5.45, 0.99, 0.95),Yellow,(0.05, 0.05, 0.05),1
2025-01-06 17:05:35,6.35,True,(-5.45, 0.99, 0.95),Yellow,(0.05, 0.05, 0.05),1
2025-01-06 17:05:35,6.37,True,(-5.45, 0.99, 0.95),Yellow,(0.05, 0.05, 0.05),1
2025-01-06 17:05:35,6.38,True,(-5.45, 0.98, 0.95),Yellow,(0.05, 0.05, 0.05),1
2025-01-06 17:05:35,6.39,True,(-5.45, 0.98, 0.95),Yellow,(0.05, 0.05, 0.05),1
2025-01-06 17:05:35,6.41,True,(-5.46, 0.98, 0.95),Yellow,(0.05, 0.05, 0.05),1
2025-01-06 17:05:35,6.42,True,(-5.46, 0.98, 0.95),Yellow,(0.05, 0.05, 0.05),1
2025-01-06 17:05:35,6.44,True,(-5.47, 0.97, 0.96),Yellow,(0.05, 0.05, 0.05),1
2025-01-06 17:05:35,6.45,True,(-5.47, 0.97, 0.96),Yellow,(0.05, 0.05, 0.05),1
2025-01-06 17:05:35,6.46,True,(-5.47, 0.94, 0.98),Yellow,(0.05, 0.05, 0.05),1
2025-01-06 17:05:35,6.48,True,(-5.47, 0.94, 0.98),Yellow,(0.05, 0.05, 0.05),1
2025-01-06 17:05:35,6.49,True,(-5.47, 0.94, 0.98),Yellow,(0.05, 0.05, 0.05),1
2025-01-06 17:05:35,6.50,True,(-5.47, 0.93, 0.98),Yellow,(0.05, 0.05, 0.05),1
2025-01-06 17:05:35,6.52,True,(-5.25, 0.05, 1.45),Yellow,(0.05, 0.05, 0.05),1
2025-01-06 17:05:35,6.53,True,(-5.47, 0.94, 0.97),Yellow,(0.05, 0.05, 0.05),1
2025-01-06 17:05:35,6.55,True,(-5.48, 0.94, 0.97),Yellow,(0.05, 0.05, 0.05),1
2025-01-06 17:05:35,6.56,True,(-5.47, 0.94, 0.97),Yellow,(0.05, 0.05, 0.05),1
2025-01-06 17:05:35,6.57,True,(-5.48, 0.94, 0.97),Yellow,(0.05, 0.05, 0.05),1
2025-01-06 17:05:35,6.59,True,(-5.48, 0.94, 0.97),Yellow,(0.05, 0.05, 0.05),1
2025-01-06 17:05:35,6.60,True,(-5.48, 0.95, 0.96),Yellow,(0.05, 0.05, 0.05),1
2025-01-06 17:05:35,6.62,True,(-5.48, 0.95, 0.96),Yellow,(0.05, 0.05, 0.05),1
2025-01-06 17:05:36,6.63,True,(-5.48, 0.95, 0.96),Yellow,(0.05, 0.05, 0.05),1
2025-01-06 17:05:36,6.64,True,(-5.48, 0.95, 0.96),Yellow,(0.05, 0.05, 0.05),1
2025-01-06 17:05:36,6.66,True,(-5.48, 0.95, 0.96),Yellow,(0.05, 0.05, 0.05),1
2025-01-06 17:05:36,6.67,True,(-5.48, 0.95, 0.96),Yellow,(0.05, 0.05, 0.05),1
2025-01-06 17:05:36,6.69,True,(-5.48, 0.95, 0.96),Yellow,(0.05, 0.05, 0.05),1
2025-01-06 17:05:36,6.70,True,(-5.48, 0.96, 0.95),Yellow,(0.05, 0.05, 0.05),1
2025-01-06 17:05:36,6.71,True,(-5.48, 0.96, 0.95),Yellow,(0.05, 0.05, 0.05),1
2025-01-06 17:05:36,6.73,True,(-5.48, 0.96, 0.95),Yellow,(0.05, 0.05, 0.05),1
2025-01-06 17:05:36,6.74,True,(-5.48, 0.96, 0.95),Yellow,(0.05, 0.05, 0.05),1
2025-01-06 17:05:36,6.76,True,(-5.48, 0.96, 0.95),Yellow,(0.05, 0.05, 0.05),1
2025-01-06 17:05:36,6.77,True,(-5.48, 0.96, 0.95),Yellow,(0.05, 0.05, 0.05),1
2025-01-06 17:05:36,6.78,True,(-5.48, 0.96, 0.95),Yellow,(0.05, 0.05, 0.05),1
2025-01-06 17:05:36,6.80,True,(-5.48, 0.96, 0.94),Yellow,(0.05, 0.05, 0.05),1
2025-01-06 17:05:36,6.81,True,(-5.48, 0.96, 0.94),Yellow,(0.05, 0.05, 0.05),1
2025-01-06 17:05:36,6.83,True,(-5.48, 0.96, 0.94),Yellow,(0.05, 0.05, 0.05),1
2025-01-06 17:05:36,6.84,True,(-5.48, 0.96, 0.94),Yellow,(0.05, 0.05, 0.05),1
2025-01-06 17:05:36,6.85,True,(-5.48, 0.96, 0.94),Yellow,(0.05, 0.05, 0.05),1
2025-01-06 17:05:36,6.87,True,(-5.47, 0.97, 0.94),Yellow,(0.05, 0.05, 0.05),1
2025-01-06 17:05:36,6.88,True,(-5.47, 0.97, 0.94),Yellow,(0.05, 0.05, 0.05),1
2025-01-06 17:05:36,6.89,True,(-5.47, 0.97, 0.94),Yellow,(0.05, 0.05, 0.05),1
2025-01-06 17:05:36,6.91,True,(-5.47, 0.97, 0.94),Yellow,(0.05, 0.05, 0.05),1
2025-01-06 17:05:36,6.92,True,(-5.47, 0.97, 0.94),Yellow,(0.05, 0.05, 0.05),1
2025-01-06 17:05:36,6.94,True,(-5.47, 0.97, 0.94),Yellow,(0.05, 0.05, 0.05),1
2025-01-06 17:05:36,6.95,True,(-5.47, 0.97, 0.94),Yellow,(0.05, 0.05, 0.05),1
2025-01-06 17:05:36,6.96,True,(-5.47, 0.97, 0.94),Yellow,(0.05, 0.05, 0.05),1
2025-01-06 17:05:36,6.98,True,(-5.47, 0.97, 0.94),Yellow,(0.05, 0.05, 0.05),1
2025-01-06 17:05:36,6.99,True,(-5.47, 0.97, 0.94),Yellow,(0.05, 0.05, 0.05),1
2025-01-06 17:05:36,7.01,True,(-5.47, 0.97, 0.94),Yellow,(0.05, 0.05, 0.05),1
2025-01-06 17:05:36,7.02,True,(-5.47, 0.97, 0.94),Yellow,(0.05, 0.05, 0.05),1
2025-01-06 17:05:36,7.03,True,(-5.47, 0.97, 0.94),Yellow,(0.05, 0.05, 0.05),1
2025-01-06 17:05:36,7.05,True,(-5.47, 0.97, 0.94),Yellow,(0.05, 0.05, 0.05),1
2025-01-06 17:05:36,7.06,True,(-5.47, 0.97, 0.94),Yellow,(0.05, 0.05, 0.05),1
2025-01-06 17:05:36,7.08,True,(-5.47, 0.97, 0.94),Yellow,(0.05, 0.05, 0.05),1
2025-01-06 17:05:36,7.09,True,(-5.47, 0.97, 0.94),Yellow,(0.05, 0.05, 0.05),1
2025-01-06 17:05:36,7.10,True,(-5.47, 0.97, 0.94),Yellow,(0.05, 0.05, 0.05),1
2025-01-06 17:05:36,7.12,True,(-5.47, 0.97, 0.94),Yellow,(0.05, 0.05, 0.05),1
2025-01-06 17:05:36,7.13,True,(-5.47, 0.97, 0.94),Yellow,(0.05, 0.05, 0.05),1
2025-01-06 17:05:36,7.15,True,(-5.47, 0.97, 0.94),Yellow,(0.05, 0.05, 0.05),1
2025-01-06 17:05:36,7.16,True,(-5.47, 0.97, 0.94),Yellow,(0.05, 0.05, 0.05),1
2025-01-06 17:05:36,7.17,True,(-5.47, 0.97, 0.94),Yellow,(0.05, 0.05, 0.05),1
2025-01-06 17:05:36,7.19,True,(-5.47, 0.97, 0.94),Yellow,(0.05, 0.05, 0.05),1
2025-01-06 17:05:36,7.20,True,(-5.45, 0.99, 0.96),Yellow,(0.05, 0.05, 0.05),1
2025-01-06 17:05:36,7.22,True,(-5.45, 0.99, 0.96),Yellow,(0.05, 0.05, 0.05),1
2025-01-06 17:05:36,7.23,True,(-5.42, 1.01, 0.97),Yellow,(0.05, 0.05, 0.05),1
2025-01-06 17:05:36,7.24,True,(-5.42, 1.01, 0.97),Yellow,(0.05, 0.05, 0.05),1
2025-01-06 17:05:36,7.26,True,(-5.42, 1.01, 0.97),Yellow,(0.05, 0.05, 0.05),1
2025-01-06 17:05:36,7.27,True,(-5.41, 1.02, 0.98),Yellow,(0.05, 0.05, 0.05),1
2025-01-06 17:05:36,7.28,True,(-5.41, 1.02, 0.98),Yellow,(0.05, 0.05, 0.05),1
2025-01-06 17:05:36,7.30,True,(-5.40, 1.02, 0.98),Yellow,(0.05, 0.05, 0.05),1
2025-01-06 17:05:36,7.31,True,(-5.40, 1.02, 0.99),Yellow,(0.05, 0.05, 0.05),1
2025-01-06 17:05:36,7.33,True,(-5.39, 1.03, 0.99),Yellow,(0.05, 0.05, 0.05),1
2025-01-06 17:05:36,7.34,True,(-5.39, 1.03, 1.00),Yellow,(0.05, 0.05, 0.05),1
2025-01-06 17:05:36,7.35,True,(-5.38, 1.03, 1.00),Yellow,(0.05, 0.05, 0.05),1
2025-01-06 17:05:36,7.37,True,(-4.00, 0.27, 2.42),Yellow,(0.05, 0.05, 0.05),1
2025-01-06 17:05:36,7.38,True,(-4.00, 0.33, 2.42),Yellow,(0.05, 0.05, 0.05),1
2025-01-06 17:05:36,7.40,True,(-4.15, 0.71, 2.42),Yellow,(0.05, 0.05, 0.05),1
2025-01-06 17:05:36,7.41,True,(-4.16, 0.75, 2.42),Yellow,(0.05, 0.05, 0.05),1
2025-01-06 17:05:36,7.42,True,(-4.18, 0.80, 2.42),Yellow,(0.05, 0.05, 0.05),1
2025-01-06 17:05:36,7.44,True,(-4.20, 0.84, 2.42),Yellow,(0.05, 0.05, 0.05),1
2025-01-06 17:05:36,7.45,True,(-4.21, 0.89, 2.42),Yellow,(0.05, 0.05, 0.05),1
2025-01-06 17:05:36,7.47,True,(-4.21, 0.85, 2.42),Yellow,(0.05, 0.05, 0.05),1
2025-01-06 17:05:36,7.48,True,(-4.22, 0.89, 2.42),Yellow,(0.05, 0.05, 0.05),1
2025-01-06 17:05:36,7.49,True,(-4.23, 0.93, 2.42),Yellow,(0.05, 0.05, 0.05),1
2025-01-06 17:05:36,7.51,True,(-4.21, 0.88, 2.42),Yellow,(0.05, 0.05, 0.05),1
2025-01-06 17:05:36,7.52,True,(-4.22, 0.92, 2.42),Yellow,(0.05, 0.05, 0.05),1
2025-01-06 17:05:36,7.54,True,(-4.18, 0.88, 2.42),Yellow,(0.05, 0.05, 0.05),1
2025-01-06 17:05:36,7.55,True,(-4.19, 0.93, 2.42),Yellow,(0.05, 0.05, 0.05),1
2025-01-06 17:05:36,7.56,True,(-4.15, 0.96, 2.42),Yellow,(0.05, 0.05, 0.05),1
2025-01-06 17:05:36,7.58,True,(-4.15, 1.01, 2.42),Yellow,(0.05, 0.05, 0.05),1
2025-01-06 17:05:36,7.59,True,(-4.31, 1.07, 2.24),Yellow,(0.05, 0.05, 0.05),1
2025-01-06 17:05:36,7.60,True,(-4.10, 1.23, 2.42),Yellow,(0.05, 0.05, 0.05),1
2025-01-06 17:05:36,7.62,True,(-4.10, 1.28, 2.42),Yellow,(0.05, 0.05, 0.05),1
2025-01-06 17:05:37,7.63,True,(-4.05, 1.33, 2.42),Yellow,(0.05, 0.05, 0.05),1
2025-01-06 17:05:37,7.65,True,(-4.05, 1.38, 2.42),Yellow,(0.05, 0.05, 0.05),1
2025-01-06 17:05:37,7.66,True,(-4.05, 1.43, 2.42),Yellow,(0.05, 0.05, 0.05),1
2025-01-06 17:05:37,7.67,True,(-4.02, 1.37, 2.42),Yellow,(0.05, 0.05, 0.05),1
2025-01-06 17:05:37,7.69,True,(-4.02, 1.43, 2.42),Yellow,(0.05, 0.05, 0.05),1
2025-01-06 17:05:37,7.70,True,(-4.00, 1.39, 2.42),Yellow,(0.05, 0.05, 0.05),1
2025-01-06 17:05:37,7.72,True,(-4.00, 1.46, 2.42),Yellow,(0.05, 0.05, 0.05),1
2025-01-06 17:05:37,7.73,True,(-3.94, 1.54, 2.42),Yellow,(0.05, 0.05, 0.05),1
2025-01-06 17:05:37,7.74,True,(-3.93, 1.61, 2.42),Yellow,(0.05, 0.05, 0.05),1
2025-01-06 17:05:37,7.76,True,(-3.93, 1.67, 2.42),Yellow,(0.05, 0.05, 0.05),1
2025-01-06 17:05:37,7.77,True,(-3.87, 1.86, 2.42),Yellow,(0.05, 0.05, 0.05),1
2025-01-06 17:05:37,7.79,True,(-3.88, 1.92, 2.42),Yellow,(0.05, 0.05, 0.05),1
2025-01-06 17:05:37,7.80,True,(-3.81, 2.00, 2.42),Yellow,(0.05, 0.05, 0.05),1
2025-01-06 17:05:37,7.81,True,(-3.82, 2.05, 2.42),Yellow,(0.05, 0.05, 0.05),1
2025-01-06 17:05:37,7.83,True,(-3.84, 2.09, 2.42),Yellow,(0.05, 0.05, 0.05),1
2025-01-06 17:05:37,7.84,True,(-3.81, 2.05, 2.42),Yellow,(0.05, 0.05, 0.05),1
2025-01-06 17:05:37,7.86,True,(-3.83, 2.10, 2.42),Yellow,(0.05, 0.05, 0.05),1
2025-01-06 17:05:37,7.87,True,(-3.81, 2.00, 2.42),Yellow,(0.05, 0.05, 0.05),1
2025-01-06 17:05:37,7.88,True,(-3.82, 2.04, 2.42),Yellow,(0.05, 0.05, 0.05),1
2025-01-06 17:05:37,7.90,True,(-3.81, 1.95, 2.42),Yellow,(0.05, 0.05, 0.05),1
2025-01-06 17:05:37,7.91,True,(-3.83, 1.98, 2.42),Yellow,(0.05, 0.05, 0.05),1
2025-01-06 17:05:37,7.92,True,(-3.85, 2.00, 2.42),Yellow,(0.05, 0.05, 0.05),1
2025-01-06 17:05:37,7.94,True,(-3.87, 2.01, 2.42),Yellow,(0.05, 0.05, 0.05),1
2025-01-06 17:05:37,7.95,True,(-3.88, 2.03, 2.42),Yellow,(0.05, 0.05, 0.05),1
2025-01-06 17:05:37,7.97,True,(-3.86, 1.99, 2.42),Yellow,(0.05, 0.05, 0.05),1
2025-01-06 17:05:37,7.98,True,(-3.87, 2.00, 2.42),Yellow,(0.05, 0.05, 0.05),1
2025-01-06 17:05:37,7.99,True,(-3.89, 2.01, 2.42),Yellow,(0.05, 0.05, 0.05),1
2025-01-06 17:05:37,8.01,True,(-3.84, 2.04, 2.42),Yellow,(0.05, 0.05, 0.05),1
2025-01-06 17:05:37,8.02,True,(-3.84, 2.06, 2.42),Yellow,(0.05, 0.05, 0.05),1
2025-01-06 17:05:37,8.04,True,(-3.77, 2.03, 2.42),Yellow,(0.05, 0.05, 0.05),1
2025-01-06 17:05:37,8.05,True,(-3.78, 2.04, 2.42),Yellow,(0.05, 0.05, 0.05),1
2025-01-06 17:05:37,8.06,True,(-3.76, 1.98, 2.42),Yellow,(0.05, 0.05, 0.05),1
2025-01-06 17:05:37,8.08,True,(-3.77, 1.98, 2.42),Yellow,(0.05, 0.05, 0.05),1
2025-01-06 17:05:37,8.09,True,(-3.77, 1.99, 2.42),Yellow,(0.05, 0.05, 0.05),1
2025-01-06 17:05:37,8.11,True,(-3.76, 1.96, 2.42),Yellow,(0.05, 0.05, 0.05),1
2025-01-06 17:05:37,8.12,True,(-3.76, 1.96, 2.42),Yellow,(0.05, 0.05, 0.05),1
2025-01-06 17:05:37,8.13,True,(-3.73, 1.90, 2.42),Yellow,(0.05, 0.05, 0.05),1
2025-01-06 17:05:37,8.15,True,(-3.73, 1.89, 2.42),Yellow,(0.05, 0.05, 0.05),1
2025-01-06 17:05:37,8.16,True,(-3.73, 1.89, 2.42),Yellow,(0.05, 0.05, 0.05),1
2025-01-06 17:05:37,8.18,True,(-3.69, 1.86, 2.42),Yellow,(0.05, 0.05, 0.05),1
2025-01-06 17:05:37,8.19,True,(-3.68, 1.86, 2.42),Yellow,(0.05, 0.05, 0.05),1
2025-01-06 17:05:37,8.20,True,(-3.65, 1.86, 2.42),Yellow,(0.05, 0.05, 0.05),1
2025-01-06 17:05:37,8.22,True,(-3.64, 1.86, 2.42),Yellow,(0.05, 0.05, 0.05),1
2025-01-06 17:05:37,8.23,True,(-2.83, 1.86, 2.33),Yellow,(0.05, 0.05, 0.05),1
2025-01-06 17:05:37,8.25,True,(-2.83, 1.85, 2.32),Yellow,(0.05, 0.05, 0.05),1
2025-01-06 17:05:37,8.26,True,(-2.83, 1.84, 2.30),Yellow,(0.05, 0.05, 0.05),1
2025-01-06 17:05:37,8.27,True,(-2.83, 1.68, 1.67),Yellow,(0.05, 0.05, 0.05),1
2025-01-06 17:05:37,8.29,True,(-2.83, 1.68, 1.66),Yellow,(0.05, 0.05, 0.05),1
2025-01-06 17:05:37,8.30,True,(-2.83, 1.64, 1.53),Yellow,(0.05, 0.05, 0.05),1
2025-01-06 17:05:37,8.31,True,(-2.83, 1.63, 1.51),Yellow,(0.05, 0.05, 0.05),1
2025-01-06 17:05:37,8.33,True,(-2.83, 1.62, 1.48),Yellow,(0.05, 0.05, 0.05),1
2025-01-06 17:05:37,8.34,True,(-2.83, 1.61, 1.44),Yellow,(0.05, 0.05, 0.05),1
2025-01-06 17:05:37,8.36,True,(-2.83, 1.60, 1.40),Yellow,(0.05, 0.05, 0.05),1
2025-01-06 17:05:37,8.37,True,(-2.83, 1.59, 1.37),Yellow,(0.05, 0.05, 0.05),1
2025-01-06 17:05:37,8.38,True,(-3.05, 1.54, 1.27),Yellow,(0.05, 0.05, 0.05),1
2025-01-06 17:05:37,8.40,True,(-2.83, 1.59, 1.27),Yellow,(0.05, 0.05, 0.05),1
2025-01-06 17:05:37,8.41,True,(-3.05, 1.54, 1.17),Yellow,(0.05, 0.05, 0.05),1
2025-01-06 17:05:37,8.43,True,(-2.83, 1.55, 1.12),Yellow,(0.05, 0.05, 0.05),1
2025-01-06 17:05:37,8.44,True,(-2.83, 1.55, 1.12),Yellow,(0.05, 0.05, 0.05),1
2025-01-06 17:05:37,8.45,True,(-2.83, 1.53, 1.03),Yellow,(0.05, 0.05, 0.05),1
2025-01-06 17:05:37,8.47,True,(-2.83, 1.54, 1.01),Yellow,(0.05, 0.05, 0.05),1
2025-01-06 17:05:37,8.48,True,(-3.57, 1.44, 0.92),Yellow,(0.05, 0.05, 0.05),1
2025-01-06 17:05:37,8.50,True,(-2.83, 1.55, 0.82),Yellow,(0.05, 0.05, 0.05),1
2025-01-06 17:05:37,8.51,True,(-2.83, 1.54, 0.73),Yellow,(0.05, 0.05, 0.05),1
2025-01-06 17:05:37,8.52,True,(-2.83, 1.52, 0.63),Yellow,(0.05, 0.05, 0.05),1
2025-01-06 17:05:37,8.54,True,(-2.83, 1.51, 0.35),Yellow,(0.05, 0.05, 0.05),1
2025-01-06 17:05:37,8.55,True,(-2.83, 1.49, 0.24),Yellow,(0.05, 0.05, 0.05),1
2025-01-06 17:05:37,8.57,True,(-2.83, 1.53, 0.13),Yellow,(0.05, 0.05, 0.05),1
2025-01-06 17:05:37,8.58,True,(-3.07, 1.49, 0.10),Yellow,(0.05, 0.05, 0.05),1
2025-01-06 17:05:37,8.59,True,(-3.07, 1.48, 0.01),Yellow,(0.05, 0.05, 0.05),1
2025-01-06 17:05:37,8.61,True,(-2.83, 1.53, 0.00),Yellow,(0.05, 0.05, 0.05),1
2025-01-06 17:05:37,8.62,True,(-2.83, 1.52, -0.10),Yellow,(0.05, 0.05, 0.05),1
2025-01-06 17:05:38,8.64,True,(-2.83, 1.54, 0.07),Yellow,(0.05, 0.05, 0.05),1
2025-01-06 17:05:38,8.65,True,(-3.07, 1.50, 0.06),Yellow,(0.05, 0.05, 0.05),1
2025-01-06 17:05:38,8.66,True,(-2.83, 1.52, -0.12),Yellow,(0.05, 0.05, 0.05),1
2025-01-06 17:05:38,8.68,True,(-2.83, 1.54, 0.07),Yellow,(0.05, 0.05, 0.05),1
2025-01-06 17:05:38,8.69,True,(-3.07, 1.50, 0.06),Yellow,(0.05, 0.05, 0.05),1
2025-01-06 17:05:38,8.70,True,(-2.83, 1.54, -0.11),Yellow,(0.05, 0.05, 0.05),1
2025-01-06 17:05:38,8.72,True,(-2.83, 1.53, -0.20),Yellow,(0.05, 0.05, 0.05),1
2025-01-06 17:05:38,8.73,True,(-2.95, 1.55, -0.26),Yellow,(0.05, 0.05, 0.05),1
2025-01-06 17:05:38,8.75,True,(-2.88, 1.55, -0.39),Yellow,(0.05, 0.05, 0.05),1
2025-01-06 17:05:38,8.76,True,(-2.83, 1.55, -1.02),Yellow,(0.05, 0.05, 0.05),1
2025-01-06 17:05:38,8.77,True,(-2.83, 1.55, -1.13),Yellow,(0.05, 0.05, 0.05),1
2025-01-06 17:05:38,8.79,True,(-2.83, 1.50, -1.88),Yellow,(0.05, 0.05, 0.05),1
2025-01-06 17:05:38,8.80,True,(-2.83, 1.50, -2.03),Yellow,(0.05, 0.05, 0.05),1
2025-01-06 17:05:38,8.82,True,(-2.83, 1.50, -2.19),Yellow,(0.05, 0.05, 0.05),1
2025-01-06 17:05:38,8.83,True,(-2.83, 1.50, -2.36),Yellow,(0.05, 0.05, 0.05),1
2025-01-06 17:05:38,8.85,True,(-2.83, 1.48, -2.53),Yellow,(0.05, 0.05, 0.05),1
2025-01-06 17:05:38,8.86,True,(-2.83, 1.49, -2.72),Yellow,(0.05, 0.05, 0.05),1
2025-01-06 17:05:38,8.87,True,(-2.83, 1.50, -2.59),Yellow,(0.05, 0.05, 0.05),1
2025-01-06 17:05:38,8.89,True,(-2.83, 1.50, -2.77),Yellow,(0.05, 0.05, 0.05),1
2025-01-06 17:05:38,8.90,True,(-2.83, 1.49, -2.50),Yellow,(0.05, 0.05, 0.05),1
2025-01-06 17:05:38,8.91,True,(-2.83, 1.48, -2.66),Yellow,(0.05, 0.05, 0.05),1
2025-01-06 17:05:38,8.93,True,(-2.83, 1.48, -2.82),Yellow,(0.05, 0.05, 0.05),1
2025-01-06 17:05:38,8.94,True,(-2.83, 1.47, -2.53),Yellow,(0.05, 0.05, 0.05),1
2025-01-06 17:05:38,8.95,True,(-2.83, 1.47, -2.25),Yellow,(0.05, 0.05, 0.05),1
2025-01-06 17:05:38,8.97,True,(-2.83, 1.46, -2.36),Yellow,(0.05, 0.05, 0.05),1
2025-01-06 17:05:38,8.98,True,(-2.83, 1.46, -2.46),Yellow,(0.05, 0.05, 0.05),1
2025-01-06 17:05:38,9.00,True,(-2.83, 1.45, -2.57),Yellow,(0.05, 0.05, 0.05),1
2025-01-06 17:05:38,9.01,True,(-2.83, 1.44, -2.22),Yellow,(0.05, 0.05, 0.05),1
2025-01-06 17:05:38,9.02,True,(-2.83, 1.45, -2.00),Yellow,(0.05, 0.05, 0.05),1
2025-01-06 17:05:38,9.04,True,(-2.83, 1.44, -2.07),Yellow,(0.05, 0.05, 0.05),1
2025-01-06 17:05:38,9.05,True,(-2.83, 1.43, -2.14),Yellow,(0.05, 0.05, 0.05),1
2025-01-06 17:05:38,9.07,True,(-2.83, 1.43, -1.96),Yellow,(0.05, 0.05, 0.05),1
2025-01-06 17:05:38,9.08,True,(-2.83, 1.42, -2.02),Yellow,(0.05, 0.05, 0.05),1
2025-01-06 17:05:38,9.09,True,(-2.83, 1.40, -1.94),Yellow,(0.05, 0.05, 0.05),1
2025-01-06 17:05:38,9.11,True,(-2.83, 1.39, -1.99),Yellow,(0.05, 0.05, 0.05),1
2025-01-06 17:05:38,9.12,True,(-2.83, 1.33, -2.05),Yellow,(0.05, 0.05, 0.05),1
2025-01-06 17:05:38,9.14,True,(-2.83, 1.31, -2.11),Yellow,(0.05, 0.05, 0.05),1
2025-01-06 17:05:38,9.15,True,(-2.83, 1.29, -2.16),Yellow,(0.05, 0.05, 0.05),1
2025-01-06 17:05:38,9.16,True,(-3.16, 0.65, -2.94),Yellow,(0.05, 0.05, 0.05),1
2025-01-06 17:05:38,9.18,True,(-3.19, 0.62, -2.94),Yellow,(0.05, 0.05, 0.05),1
2025-01-06 17:05:38,9.19,True,(-3.23, 0.59, -2.94),Yellow,(0.05, 0.05, 0.05),1
2025-01-06 17:05:38,9.21,True,(-3.26, 0.57, -2.94),Yellow,(0.05, 0.05, 0.05),1
2025-01-06 17:05:38,9.22,True,(-3.17, 0.58, -2.94),Yellow,(0.05, 0.05, 0.05),1
2025-01-06 17:05:38,9.23,True,(-3.20, 0.56, -2.94),Yellow,(0.05, 0.05, 0.05),1
2025-01-06 17:05:38,9.25,True,(-3.23, 0.54, -2.94),Yellow,(0.05, 0.05, 0.05),1
2025-01-06 17:05:38,9.26,True,(-3.15, 0.57, -2.94),Yellow,(0.05, 0.05, 0.05),1
2025-01-06 17:05:38,9.28,True,(-3.18, 0.54, -2.94),Yellow,(0.05, 0.05, 0.05),1
2025-01-06 17:05:38,9.29,True,(-3.12, 0.61, -2.94),Yellow,(0.05, 0.05, 0.05),1
2025-01-06 17:05:38,9.30,True,(-3.15, 0.58, -2.94),Yellow,(0.05, 0.05, 0.05),1
2025-01-06 17:05:38,9.32,True,(-3.18, 0.56, -2.94),Yellow,(0.05, 0.05, 0.05),1
2025-01-06 17:05:38,9.33,True,(-3.10, 0.58, -2.94),Yellow,(0.05, 0.05, 0.05),1
2025-01-06 17:05:38,9.34,True,(-3.12, 0.55, -2.94),Yellow,(0.05, 0.05, 0.05),1
2025-01-06 17:05:38,9.36,True,(-3.02, 0.57, -2.94),Yellow,(0.05, 0.05, 0.05),1
2025-01-06 17:05:38,9.37,True,(-3.04, 0.55, -2.94),Yellow,(0.05, 0.05, 0.05),1
2025-01-06 17:05:38,9.39,True,(-3.06, 0.53, -2.94),Yellow,(0.05, 0.05, 0.05),1
2025-01-06 17:05:38,9.40,True,(-3.05, 0.56, -2.94),Yellow,(0.05, 0.05, 0.05),1
2025-01-06 17:05:38,9.42,True,(-3.07, 0.56, -2.94),Yellow,(0.05, 0.05, 0.05),1
2025-01-06 17:05:38,9.43,True,(-3.02, 0.56, -2.94),Yellow,(0.05, 0.05, 0.05),1
2025-01-06 17:05:38,9.44,True,(-3.04, 0.56, -2.94),Yellow,(0.05, 0.05, 0.05),1
2025-01-06 17:05:38,9.46,True,(-3.03, 0.67, -2.94),Yellow,(0.05, 0.05, 0.05),1
2025-01-06 17:05:38,9.47,True,(-3.02, 0.67, -2.94),Yellow,(0.05, 0.05, 0.05),1
2025-01-06 17:05:38,9.48,True,(-3.04, 0.67, -2.94),Yellow,(0.05, 0.05, 0.05),1
2025-01-06 17:05:38,9.50,True,(-3.00, 0.69, -2.94),Yellow,(0.05, 0.05, 0.05),1
2025-01-06 17:05:38,9.51,True,(-3.01, 0.68, -2.94),Yellow,(0.05, 0.05, 0.05),1
2025-01-06 17:05:38,9.53,True,(-3.01, 0.69, -2.94),Yellow,(0.05, 0.05, 0.05),1
2025-01-06 17:05:38,9.54,True,(-3.01, 0.69, -2.94),Yellow,(0.05, 0.05, 0.05),1
2025-01-06 17:05:38,9.55,True,(-3.02, 0.68, -2.94),Yellow,(0.05, 0.05, 0.05),1
2025-01-06 17:05:38,9.57,True,(-2.99, 0.68, -2.94),Yellow,(0.05, 0.05, 0.05),1
2025-01-06 17:05:38,9.58,True,(-2.99, 0.67, -2.94),Yellow,(0.05, 0.05, 0.05),1
2025-01-06 17:05:38,9.60,True,(-2.98, 0.68, -2.94),Yellow,(0.05, 0.05, 0.05),1
2025-01-06 17:05:38,9.61,True,(-2.98, 0.67, -2.94),Yellow,(0.05, 0.05, 0.05),1
2025-01-06 17:05:38,9.62,True,(-2.97, 0.66, -2.94),Yellow,(0.05, 0.05, 0.05),1
2025-01-06 17:05:39,9.64,True,(-2.96, 0.66, -2.94),Yellow,(0.05, 0.05, 0.05),1
2025-01-06 17:05:39,9.65,True,(-2.96, 0.64, -2.94),Yellow,(0.05, 0.05, 0.05),1
2025-01-06 17:05:39,9.66,True,(-2.90, 0.64, -2.94),Yellow,(0.05, 0.05, 0.05),1
2025-01-06 17:05:39,9.68,True,(-2.89, 0.63, -2.94),Yellow,(0.05, 0.05, 0.05),1
2025-01-06 17:05:39,9.69,True,(-2.87, 0.65, -2.94),Yellow,(0.05, 0.05, 0.05),1
2025-01-06 17:05:39,9.71,True,(-2.85, 0.64, -2.94),Yellow,(0.05, 0.05, 0.05),1
2025-01-06 17:05:39,9.72,True,(-2.83, 0.65, -2.94),Yellow,(0.05, 0.05, 0.05),1
2025-01-06 17:05:39,9.73,True,(-2.83, 0.64, -2.91),Yellow,(0.05, 0.05, 0.05),1
2025-01-06 17:05:39,9.75,True,(-2.83, 0.64, -2.88),Yellow,(0.05, 0.05, 0.05),1
2025-01-06 17:05:39,9.76,True,(-2.83, 0.65, -2.85),Yellow,(0.05, 0.05, 0.05),1
2025-01-06 17:05:39,9.78,True,(-2.83, 0.65, -2.82),Yellow,(0.05, 0.05, 0.05),1
2025-01-06 17:05:39,9.79,True,(-2.83, 0.67, -2.82),Yellow,(0.05, 0.05, 0.05),1
2025-01-06 17:05:39,9.80,True,(-2.83, 0.67, -2.78),Yellow,(0.05, 0.05, 0.05),1
2025-01-06 17:05:39,9.82,True,(-2.83, 0.67, -2.75),Yellow,(0.05, 0.05, 0.05),1
2025-01-06 17:05:39,9.83,True,(-2.83, 0.68, -2.79),Yellow,(0.05, 0.05, 0.05),1
2025-01-06 17:05:39,9.85,True,(-2.83, 0.69, -2.76),Yellow,(0.05, 0.05, 0.05),1
2025-01-06 17:05:39,9.86,True,(-2.83, 0.69, -2.75),Yellow,(0.05, 0.05, 0.05),1
2025-01-06 17:05:39,9.87,True,(-2.83, 0.70, -2.71),Yellow,(0.05, 0.05, 0.05),1
2025-01-06 17:05:39,9.89,True,(-2.83, 0.71, -2.74),Yellow,(0.05, 0.05, 0.05),1
2025-01-06 17:05:39,9.90,True,(-2.83, 0.71, -2.70),Yellow,(0.05, 0.05, 0.05),1
2025-01-06 17:05:39,9.92,True,(-2.83, 0.71, -2.66),Yellow,(0.05, 0.05, 0.05),1
2025-01-06 17:05:39,9.93,True,(-2.83, 0.72, -2.73),Yellow,(0.05, 0.05, 0.05),1
2025-01-06 17:05:39,9.94,True,(-2.83, 0.72, -2.69),Yellow,(0.05, 0.05, 0.05),1
2025-01-06 17:05:39,9.96,True,(-2.83, 0.75, -2.70),Yellow,(0.05, 0.05, 0.05),1
2025-01-06 17:05:39,9.97,True,(-2.83, 0.75, -2.66),Yellow,(0.05, 0.05, 0.05),1
2025-01-06 17:05:39,9.98,True,(-2.83, 0.75, -2.62),Yellow,(0.05, 0.05, 0.05),1
2025-01-06 17:05:39,10.00,True,(-2.83, 0.75, -2.68),Yellow,(0.05, 0.05, 0.05),1
2025-01-06 17:05:39,10.01,True,(-2.83, 0.75, -2.63),Yellow,(0.05, 0.05, 0.05),1
2025-01-06 17:05:39,10.03,True,(-2.83, 0.75, -2.58),Yellow,(0.05, 0.05, 0.05),1
2025-01-06 17:05:39,10.04,True,(-2.83, 0.76, -2.53),Yellow,(0.05, 0.05, 0.05),1
2025-01-06 17:05:39,10.05,True,(-2.83, 0.97, -1.81),Yellow,(0.05, 0.05, 0.05),1
2025-01-06 17:05:39,10.07,True,(-2.83, 0.98, -1.77),Yellow,(0.05, 0.05, 0.05),1
2025-01-06 17:05:39,10.08,True,(-2.83, 0.98, -1.71),Yellow,(0.05, 0.05, 0.05),1
2025-01-06 17:05:39,10.10,True,(-2.83, 1.16, -1.15),Yellow,(0.05, 0.05, 0.05),1
2025-01-06 17:05:39,10.11,True,(-2.83, 1.16, -1.10),Yellow,(0.05, 0.05, 0.05),1
2025-01-06 17:05:39,10.12,True,(-2.83, 1.18, -1.04),Yellow,(0.05, 0.05, 0.05),1
2025-01-06 17:05:39,10.14,True,(-2.83, 1.18, -0.98),Yellow,(0.05, 0.05, 0.05),1
2025-01-06 17:05:39,10.15,True,(-2.83, 1.17, -0.92),Yellow,(0.05, 0.05, 0.05),1
2025-01-06 17:05:39,10.17,True,(-2.83, 1.18, -0.92),Yellow,(0.05, 0.05, 0.05),1
2025-01-06 17:05:39,10.18,True,(-2.83, 1.17, -0.84),Yellow,(0.05, 0.05, 0.05),1
2025-01-06 17:05:39,10.19,True,(-2.83, 1.17, -0.84),Yellow,(0.05, 0.05, 0.05),1
2025-01-06 17:05:39,10.21,True,(-2.83, 1.17, -0.73),Yellow,(0.05, 0.05, 0.05),1
2025-01-06 17:05:39,10.22,True,(-2.83, 1.16, -0.62),Yellow,(0.05, 0.05, 0.05),1
2025-01-06 17:05:39,10.24,True,(-2.83, 1.16, -0.49),Yellow,(0.05, 0.05, 0.05),1
2025-01-06 17:05:39,10.25,True,(-2.83, 1.16, -0.36),Yellow,(0.05, 0.05, 0.05),1
2025-01-06 17:05:39,10.26,True,(-2.83, 1.23, -0.14),Yellow,(0.05, 0.05, 0.05),1
2025-01-06 17:05:39,10.28,True,(-2.83, 1.22, 0.01),Yellow,(0.05, 0.05, 0.05),1
2025-01-06 17:05:39,10.29,True,(-2.83, 1.38, 0.17),Yellow,(0.05, 0.05, 0.05),1
2025-01-06 17:05:39,10.31,True,(-2.83, 1.37, 0.32),Yellow,(0.05, 0.05, 0.05),1
2025-01-06 17:05:39,10.32,True,(-2.83, 1.37, 0.48),Yellow,(0.05, 0.05, 0.05),1
2025-01-06 17:05:39,10.33,True,(-2.83, 1.43, 0.60),Yellow,(0.05, 0.05, 0.05),1
2025-01-06 17:05:39,10.35,True,(-2.83, 1.42, 0.76),Yellow,(0.05, 0.05, 0.05),1
2025-01-06 17:05:39,10.36,True,(-3.62, 1.36, 0.94),Yellow,(0.05, 0.05, 0.05),1
2025-01-06 17:05:39,10.37,True,(-2.83, 1.42, 1.11),Yellow,(0.05, 0.05, 0.05),1
2025-01-06 17:05:39,10.39,True,(-3.13, 1.38, 2.42),Yellow,(0.05, 0.05, 0.05),1
2025-01-06 17:05:39,10.40,True,(-3.64, 1.34, 2.28),Yellow,(0.05, 0.05, 0.05),1
2025-01-06 17:05:39,10.42,True,(-3.73, 1.33, 2.42),Yellow,(0.05, 0.05, 0.05),1
2025-01-06 17:05:39,10.43,True,(-3.99, 1.32, 2.42),Yellow,(0.05, 0.05, 0.05),1
2025-01-06 17:05:39,10.44,True,(-4.18, 1.31, 2.42),Yellow,(0.05, 0.05, 0.05),1
2025-01-06 17:05:39,10.46,True,(-4.33, 1.30, 2.42),Yellow,(0.05, 0.05, 0.05),1
2025-01-06 17:05:39,10.47,True,(-4.48, 1.30, 2.42),Yellow,(0.05, 0.05, 0.05),1
2025-01-06 17:05:39,10.49,True,(-4.61, 1.24, 2.42),Yellow,(0.05, 0.05, 0.05),1
2025-01-06 17:05:39,10.50,True,(-4.82, 1.23, 2.25),Yellow,(0.05, 0.05, 0.05),1
2025-01-06 17:05:39,10.51,True,(-4.92, 1.23, 2.25),Yellow,(0.05, 0.05, 0.05),1
2025-01-06 17:05:39,10.53,True,(-4.95, 1.23, 2.42),Yellow,(0.05, 0.05, 0.05),1
2025-01-06 17:05:39,10.54,True,(-5.06, 1.23, 2.42),Yellow,(0.05, 0.05, 0.05),1
2025-01-06 17:05:39,10.56,True,(-5.15, 1.22, 2.42),Yellow,(0.05, 0.05, 0.05),1
2025-01-06 17:05:39,10.57,True,(-5.27, 1.22, 2.24),Yellow,(0.05, 0.05, 0.05),1
2025-01-06 17:05:39,10.58,True,(-5.35, 1.23, 2.24),Yellow,(0.05, 0.05, 0.05),1
2025-01-06 17:05:39,10.60,True,(-5.45, 1.21, 2.42),Yellow,(0.05, 0.05, 0.05),1
2025-01-06 17:05:39,10.61,True,(-5.54, 1.21, 2.42),Yellow,(0.05, 0.05, 0.05),1
2025-01-06 17:05:39,10.63,True,(-5.63, 1.21, 2.42),Yellow,(0.05, 0.05, 0.05),1
2025-01-06 17:05:40,10.64,True,(-5.72, 1.21, 2.42),Yellow,(0.05, 0.05, 0.05),1
2025-01-06 17:05:40,10.65,True,(-5.81, 1.21, 2.42),Yellow,(0.05, 0.05, 0.05),1
2025-01-06 17:05:40,10.67,True,(-5.89, 1.20, 2.42),Yellow,(0.05, 0.05, 0.05),1
2025-01-06 17:05:40,10.68,True,(-5.98, 1.20, 2.42),Yellow,(0.05, 0.05, 0.05),1
2025-01-06 17:05:40,10.70,True,(-6.04, 1.18, 2.42),Yellow,(0.05, 0.05, 0.05),1
2025-01-06 17:05:40,10.71,True,(-6.12, 1.18, 2.42),Yellow,(0.05, 0.05, 0.05),1
2025-01-06 17:05:40,10.73,True,(-5.94, 1.17, 2.42),Yellow,(0.05, 0.05, 0.05),1
2025-01-06 17:05:40,10.74,True,(-6.00, 1.17, 2.42),Yellow,(0.05, 0.05, 0.05),1
2025-01-06 17:05:40,10.76,True,(-6.07, 1.17, 2.42),Yellow,(0.05, 0.05, 0.05),1
2025-01-06 17:05:40,10.77,True,(-5.86, 1.15, 2.42),Yellow,(0.05, 0.05, 0.05),1
2025-01-06 17:05:40,10.78,True,(-5.91, 1.15, 2.42),Yellow,(0.05, 0.05, 0.05),1
2025-01-06 17:05:40,10.80,True,(-5.73, 1.13, 2.25),Yellow,(0.05, 0.05, 0.05),1
2025-01-06 17:05:40,10.81,True,(-5.82, 1.11, 2.42),Yellow,(0.05, 0.05, 0.05),1
2025-01-06 17:05:40,10.82,True,(-5.87, 1.10, 2.42),Yellow,(0.05, 0.05, 0.05),1
2025-01-06 17:05:40,10.83,True,(-5.68, 1.12, 2.25),Yellow,(0.05, 0.05, 0.05),1
2025-01-06 17:05:40,10.85,True,(-5.72, 1.12, 2.25),Yellow,(0.05, 0.05, 0.05),1
2025-01-06 17:05:40,10.86,True,(-5.80, 1.10, 2.42),Yellow,(0.05, 0.05, 0.05),1
2025-01-06 17:05:40,10.88,True,(-5.84, 1.10, 2.42),Yellow,(0.05, 0.05, 0.05),1
2025-01-06 17:05:40,10.89,True,(-6.19, 1.07, 2.42),Yellow,(0.05, 0.05, 0.05),1
2025-01-06 17:05:40,10.90,True,(-6.23, 1.07, 2.42),Yellow,(0.05, 0.05, 0.05),1
2025-01-06 17:05:40,10.92,True,(-6.27, 1.07, 2.42),Yellow,(0.05, 0.05, 0.05),1
2025-01-06 17:05:40,10.93,True,(-6.59, 1.03, 2.42),Yellow,(0.05, 0.05, 0.05),1
2025-01-06 17:05:40,10.95,True,(-6.64, 1.03, 2.42),Yellow,(0.05, 0.05, 0.05),1
2025-01-06 17:05:40,10.96,True,(-6.69, 1.02, 2.42),Yellow,(0.05, 0.05, 0.05),1
2025-01-06 17:05:40,10.97,True,(-6.73, 1.01, 2.42),Yellow,(0.05, 0.05, 0.05),1
2025-01-06 17:05:40,10.99,True,(-6.77, 1.00, 2.42),Yellow,(0.05, 0.05, 0.05),1
2025-01-06 17:05:40,11.00,True,(-6.65, 0.96, 2.42),Yellow,(0.05, 0.05, 0.05),1
2025-01-06 17:05:40,11.02,True,(-6.69, 0.95, 2.42),Yellow,(0.05, 0.05, 0.05),1
2025-01-06 17:05:40,11.03,True,(-6.58, 0.97, 2.42),Yellow,(0.05, 0.05, 0.05),1
2025-01-06 17:05:40,11.04,True,(-6.62, 0.96, 2.42),Yellow,(0.05, 0.05, 0.05),1
2025-01-06 17:05:40,11.06,True,(-6.56, 0.97, 2.42),Yellow,(0.05, 0.05, 0.05),1
2025-01-06 17:05:40,11.07,True,(-6.60, 0.97, 2.42),Yellow,(0.05, 0.05, 0.05),1
2025-01-06 17:05:40,11.08,True,(-6.63, 0.96, 2.42),Yellow,(0.05, 0.05, 0.05),1
2025-01-06 17:05:40,11.10,True,(-6.58, 0.97, 2.42),Yellow,(0.05, 0.05, 0.05),1
2025-01-06 17:05:40,11.11,True,(-6.61, 0.96, 2.42),Yellow,(0.05, 0.05, 0.05),1
2025-01-06 17:05:40,11.13,True,(-6.54, 0.97, 2.42),Yellow,(0.05, 0.05, 0.05),1
2025-01-06 17:05:40,11.14,True,(-6.57, 0.96, 2.42),Yellow,(0.05, 0.05, 0.05),1
2025-01-06 17:05:40,11.15,True,(-6.60, 0.95, 2.42),Yellow,(0.05, 0.05, 0.05),1
2025-01-06 17:05:40,11.17,True,(-6.56, 0.96, 2.42),Yellow,(0.05, 0.05, 0.05),1
2025-01-06 17:05:40,11.18,True,(-6.59, 0.95, 2.42),Yellow,(0.05, 0.05, 0.05),1
2025-01-06 17:05:40,11.20,True,(-6.55, 0.96, 2.42),Yellow,(0.05, 0.05, 0.05),1
2025-01-06 17:05:40,11.21,True,(-6.58, 0.96, 2.42),Yellow,(0.05, 0.05, 0.05),1
2025-01-06 17:05:40,11.22,True,(-6.49, 0.96, 2.42),Yellow,(0.05, 0.05, 0.05),1
2025-01-06 17:05:40,11.24,True,(-6.52, 0.96, 2.42),Yellow,(0.05, 0.05, 0.05),1
2025-01-06 17:05:40,11.25,True,(-6.54, 0.96, 2.42),Yellow,(0.05, 0.05, 0.05),1
2025-01-06 17:05:40,11.27,True,(-6.50, 0.96, 2.42),Yellow,(0.05, 0.05, 0.05),1
2025-01-06 17:05:40,11.28,True,(-6.51, 0.97, 2.42),Yellow,(0.05, 0.05, 0.05),1
2025-01-06 17:05:40,11.29,True,(-6.44, 0.97, 2.42),Yellow,(0.05, 0.05, 0.05),1
2025-01-06 17:05:40,11.31,True,(-6.45, 0.98, 2.42),Yellow,(0.05, 0.05, 0.05),1
2025-01-06 17:05:40,11.32,True,(-6.45, 0.98, 2.42),Yellow,(0.05, 0.05, 0.05),1
2025-01-06 17:05:40,11.34,True,(-6.39, 0.98, 2.42),Yellow,(0.05, 0.05, 0.05),1
2025-01-06 17:05:40,11.35,True,(-6.38, 0.99, 2.42),Yellow,(0.05, 0.05, 0.05),1
2025-01-06 17:05:40,11.36,True,(-6.33, 0.99, 2.42),Yellow,(0.05, 0.05, 0.05),1
2025-01-06 17:05:40,11.38,True,(-6.31, 0.99, 2.42),Yellow,(0.05, 0.05, 0.05),1
2025-01-06 17:05:40,11.39,True,(-6.29, 1.00, 2.42),Yellow,(0.05, 0.05, 0.05),1
2025-01-06 17:05:40,11.41,True,(-6.10, 0.98, 2.42),Yellow,(0.05, 0.05, 0.05),1
2025-01-06 17:05:40,11.42,True,(-6.08, 0.98, 2.42),Yellow,(0.05, 0.05, 0.05),1
2025-01-06 17:05:40,11.43,True,(-5.80, 0.94, 2.42),Yellow,(0.05, 0.05, 0.05),1
2025-01-06 17:05:40,11.45,True,(-5.79, 0.94, 2.42),Yellow,(0.05, 0.05, 0.05),1
2025-01-06 17:05:40,11.46,True,(-5.78, 0.94, 2.42),Yellow,(0.05, 0.05, 0.05),1
2025-01-06 17:05:40,11.48,True,(-5.77, 0.95, 2.42),Yellow,(0.05, 0.05, 0.05),1
2025-01-06 17:05:40,11.49,True,(-5.76, 0.95, 2.42),Yellow,(0.05, 0.05, 0.05),1
2025-01-06 17:05:40,11.50,True,(-5.78, 0.95, 2.42),Yellow,(0.05, 0.05, 0.05),1
2025-01-06 17:05:40,11.52,True,(-5.78, 0.95, 2.42),Yellow,(0.05, 0.05, 0.05),1
2025-01-06 17:05:40,11.53,True,(-5.83, 0.94, 2.42),Yellow,(0.05, 0.05, 0.05),1
2025-01-06 17:05:40,11.54,True,(-5.83, 0.94, 2.42),Yellow,(0.05, 0.05, 0.05),1
2025-01-06 17:05:40,11.56,True,(-5.93, 0.94, 2.42),Yellow,(0.05, 0.05, 0.05),1
2025-01-06 17:05:40,11.57,True,(-5.95, 0.94, 2.42),Yellow,(0.05, 0.05, 0.05),1
2025-01-06 17:05:40,11.59,True,(-5.96, 0.94, 2.42),Yellow,(0.05, 0.05, 0.05),1
2025-01-06 17:05:40,11.60,True,(-6.49, 0.93, 2.42),Yellow,(0.05, 0.05, 0.05),1
2025-01-06 17:05:40,11.61,True,(-6.52, 0.93, 2.42),Yellow,(0.05, 0.05, 0.05),1
2025-01-06 17:05:40,11.63,True,(-7.21, 0.99, 2.42),Yellow,(0.05, 0.05, 0.05),1
2025-01-06 17:05:41,11.64,True,(-7.27, 0.99, 2.42),Yellow,(0.05, 0.05, 0.05),1
2025-01-06 17:05:41,11.66,True,(-7.34, 0.99, 2.42),Yellow,(0.05, 0.05, 0.05),1
2025-01-06 17:05:41,11.67,True,(-8.38, 1.03, 2.42),Yellow,(0.05, 0.05, 0.05),1
2025-01-06 17:05:41,11.68,True,(-8.52, 1.03, 2.42),Yellow,(0.05, 0.05, 0.05),1
2025-01-06 17:05:41,11.70,True,(-8.80, 1.05, 2.39),Yellow,(0.05, 0.05, 0.05),1
2025-01-06 17:05:41,11.71,True,(-8.80, 1.06, 2.29),Yellow,(0.05, 0.05, 0.05),1
2025-01-06 17:05:41,11.73,True,(-8.80, 1.08, 2.18),Yellow,(0.05, 0.05, 0.05),1
2025-01-06 17:05:41,11.74,True,(-8.63, 1.11, 2.01),Yellow,(0.05, 0.05, 0.05),1
2025-01-06 17:05:41,11.75,True,(-8.63, 1.12, 1.89),Yellow,(0.05, 0.05, 0.05),1
2025-01-06 17:05:41,11.77,True,(-8.63, 1.14, 1.91),Yellow,(0.05, 0.05, 0.05),1
2025-01-06 17:05:41,11.78,True,(-8.62, 1.15, 1.79),Yellow,(0.05, 0.05, 0.05),1
2025-01-06 17:05:41,11.80,True,(-8.63, 1.15, 1.88),Yellow,(0.05, 0.05, 0.05),1
2025-01-06 17:05:41,11.81,True,(-8.62, 1.17, 1.74),Yellow,(0.05, 0.05, 0.05),1
2025-01-06 17:05:41,11.82,True,(-8.61, 1.19, 1.61),Yellow,(0.05, 0.05, 0.05),1
2025-01-06 17:05:41,11.84,True,(-8.62, 1.17, 1.72),Yellow,(0.05, 0.05, 0.05),1
2025-01-06 17:05:41,11.85,True,(-8.61, 1.19, 1.60),Yellow,(0.05, 0.05, 0.05),1
2025-01-06 17:05:41,11.87,True,(-8.62, 1.09, 1.73),Yellow,(0.05, 0.05, 0.05),1
2025-01-06 17:05:41,11.88,True,(-8.61, 1.11, 1.61),Yellow,(0.05, 0.05, 0.05),1
2025-01-06 17:05:41,11.89,True,(-8.61, 1.12, 1.51),Yellow,(0.05, 0.05, 0.05),1
2025-01-06 17:05:41,11.91,True,(-8.60, 1.13, 1.41),Yellow,(0.05, 0.05, 0.05),1
2025-01-06 17:05:41,11.92,True,(-8.60, 1.15, 1.33),Yellow,(0.05, 0.05, 0.05),1
2025-01-06 17:05:41,11.93,True,(-8.58, 1.16, 0.94),Yellow,(0.05, 0.05, 0.05),1
2025-01-06 17:05:41,11.95,True,(-8.58, 1.18, 0.86),Yellow,(0.05, 0.05, 0.05),1
2025-01-06 17:05:41,11.96,True,(-8.62, 1.18, 0.25),Yellow,(0.05, 0.05, 0.05),1
2025-01-06 17:05:41,11.98,True,(-8.63, 1.19, 0.19),Yellow,(0.05, 0.05, 0.05),1
2025-01-06 17:05:41,11.99,True,(-8.64, 1.20, 0.14),Yellow,(0.05, 0.05, 0.05),1
2025-01-06 17:05:41,12.00,True,(-8.80, 1.21, 0.05),Yellow,(0.05, 0.05, 0.05),1
2025-01-06 17:05:41,12.02,True,(-8.58, 1.22, 0.06),Yellow,(0.05, 0.05, 0.05),1
2025-01-06 17:05:41,12.03,True,(-8.64, 1.17, 0.15),Yellow,(0.05, 0.05, 0.05),1
2025-01-06 17:05:41,12.05,True,(-8.80, 1.19, 0.09),Yellow,(0.05, 0.05, 0.05),1
2025-01-06 17:05:41,12.06,True,(-8.62, 1.18, 0.28),Yellow,(0.05, 0.05, 0.05),1
2025-01-06 17:05:41,12.07,True,(-8.62, 1.19, 0.26),Yellow,(0.05, 0.05, 0.05),1
2025-01-06 17:05:41,12.09,True,(-8.62, 1.20, 0.25),Yellow,(0.05, 0.05, 0.05),1
2025-01-06 17:05:41,12.10,True,(-8.60, 1.14, 0.43),Yellow,(0.05, 0.05, 0.05),1
2025-01-06 17:05:41,12.11,True,(-8.60, 1.14, 0.43),Yellow,(0.05, 0.05, 0.05),1
2025-01-06 17:05:41,12.13,True,(-8.58, 1.13, 0.53),Yellow,(0.05, 0.05, 0.05),1
2025-01-06 17:05:41,12.14,True,(-8.58, 1.13, 0.52),Yellow,(0.05, 0.05, 0.05),1
2025-01-06 17:05:41,12.16,True,(-8.58, 1.13, 0.53),Yellow,(0.05, 0.05, 0.05),1
2025-01-06 17:05:41,12.17,True,(-8.58, 1.11, 0.59),Yellow,(0.05, 0.05, 0.05),1
2025-01-06 17:05:41,12.18,True,(-8.58, 1.11, 0.59),Yellow,(0.05, 0.05, 0.05),1
2025-01-06 17:05:41,12.20,True,(-8.58, 1.09, 0.61),Yellow,(0.05, 0.05, 0.05),1
2025-01-06 17:05:41,12.21,True,(-8.58, 1.08, 0.62),Yellow,(0.05, 0.05, 0.05),1
2025-01-06 17:05:41,12.23,True,(-8.58, 1.06, 0.64),Yellow,(0.05, 0.05, 0.05),1
2025-01-06 17:05:41,12.24,True,(-8.58, 1.05, 0.65),Yellow,(0.05, 0.05, 0.05),1
2025-01-06 17:05:41,12.25,True,(-8.58, 1.04, 0.66),Yellow,(0.05, 0.05, 0.05),1
2025-01-06 17:05:41,12.27,True,(-8.80, 0.51, 0.89),Yellow,(0.05, 0.05, 0.05),1
2025-01-06 17:05:41,12.28,True,(-8.80, 0.49, 0.90),Yellow,(0.05, 0.05, 0.05),1
2025-01-06 17:05:41,12.30,True,(-8.80, 0.28, 0.90),Yellow,(0.05, 0.05, 0.05),1
2025-01-06 17:05:41,12.31,True,(-8.80, 0.27, 0.92),Yellow,(0.05, 0.05, 0.05),1
2025-01-06 17:05:41,12.32,True,(-8.80, 0.25, 0.94),Yellow,(0.05, 0.05, 0.05),1
2025-01-06 17:05:41,12.34,True,(-8.80, 0.24, 0.96),Yellow,(0.05, 0.05, 0.05),1
2025-01-06 17:05:41,12.35,True,(-8.80, 0.23, 0.99),Yellow,(0.05, 0.05, 0.05),1
2025-01-06 17:05:41,12.37,True,(-8.80, 0.22, 0.99),Yellow,(0.05, 0.05, 0.05),1
2025-01-06 17:05:41,12.38,True,(-8.80, 0.21, 1.02),Yellow,(0.05, 0.05, 0.05),1
2025-01-06 17:05:41,12.39,True,(-8.80, 0.23, 1.01),Yellow,(0.05, 0.05, 0.05),1
2025-01-06 17:05:41,12.41,True,(-8.80, 0.21, 1.04),Yellow,(0.05, 0.05, 0.05),1
2025-01-06 17:05:41,12.42,True,(-8.80, 0.20, 1.07),Yellow,(0.05, 0.05, 0.05),1
2025-01-06 17:05:41,12.44,True,(-8.80, 0.20, 1.08),Yellow,(0.05, 0.05, 0.05),1
2025-01-06 17:05:41,12.45,True,(-8.80, 0.18, 1.12),Yellow,(0.05, 0.05, 0.05),1
2025-01-06 17:05:41,12.46,True,(-8.80, 0.15, 1.15),Yellow,(0.05, 0.05, 0.05),1
2025-01-06 17:05:41,12.48,True,(-8.80, 0.12, 1.18),Yellow,(0.05, 0.05, 0.05),1
2025-01-06 17:05:41,12.49,True,(-8.80, 0.09, 1.21),Yellow,(0.05, 0.05, 0.05),1
2025-01-06 17:05:41,12.50,True,(-7.93, 0.05, 1.27),Yellow,(0.05, 0.05, 0.05),1
2025-01-06 17:05:41,12.52,True,(-7.87, 0.05, 1.28),Yellow,(0.05, 0.05, 0.05),1
2025-01-06 17:05:41,12.53,True,(-7.18, 0.05, 1.21),Yellow,(0.05, 0.05, 0.05),1
2025-01-06 17:05:41,12.55,True,(-7.14, 0.05, 1.21),Yellow,(0.05, 0.05, 0.05),1
2025-01-06 17:05:41,12.56,True,(-7.06, 0.05, 1.19),Yellow,(0.05, 0.05, 0.05),1
2025-01-06 17:05:41,12.58,True,(-7.01, 0.05, 1.18),Yellow,(0.05, 0.05, 0.05),1
2025-01-06 17:05:41,12.59,True,(-6.96, 0.05, 1.17),Yellow,(0.05, 0.05, 0.05),1
2025-01-06 17:05:41,12.60,True,(-6.92, 0.05, 1.14),Yellow,(0.05, 0.05, 0.05),1
2025-01-06 17:05:41,12.62,True,(-6.87, 0.05, 1.13),Yellow,(0.05, 0.05, 0.05),1
2025-01-06 17:05:42,12.63,True,(-6.86, 0.05, 1.10),Yellow,(0.05, 0.05, 0.05),1
2025-01-06 17:05:42,12.64,True,(-6.81, 0.05, 1.09),Yellow,(0.05, 0.05, 0.05),1
2025-01-06 17:05:42,12.66,True,(-6.76, 0.05, 1.08),Yellow,(0.05, 0.05, 0.05),1
2025-01-06 17:05:42,12.67,True,(-6.72, 0.05, 1.07),Yellow,(0.05, 0.05, 0.05),1
2025-01-06 17:05:42,12.69,True,(-6.68, 0.05, 1.07),Yellow,(0.05, 0.05, 0.05),1
2025-01-06 17:05:42,12.70,True,(-6.49, 0.05, 1.16),Yellow,(0.05, 0.05, 0.05),1
2025-01-06 17:05:42,12.71,True,(-6.46, 0.05, 1.16),Yellow,(0.05, 0.05, 0.05),1
2025-01-06 17:05:42,12.73,True,(-6.36, 0.05, 1.32),Yellow,(0.05, 0.05, 0.05),1
2025-01-06 17:05:42,12.74,True,(-6.34, 0.05, 1.32),Yellow,(0.05, 0.05, 0.05),1
2025-01-06 17:05:42,12.76,True,(-6.33, 0.05, 1.33),Yellow,(0.05, 0.05, 0.05),1
2025-01-06 17:05:42,12.77,True,(-6.36, 0.05, 1.47),Yellow,(0.05, 0.05, 0.05),1
2025-01-06 17:05:42,12.78,True,(-6.34, 0.05, 1.48),Yellow,(0.05, 0.05, 0.05),1
2025-01-06 17:05:42,12.80,True,(-6.35, 0.05, 1.51),Yellow,(0.05, 0.05, 0.05),1
2025-01-06 17:05:42,12.81,True,(-6.33, 0.05, 1.52),Yellow,(0.05, 0.05, 0.05),1
2025-01-06 17:05:42,12.83,True,(-6.32, 0.05, 1.53),Yellow,(0.05, 0.05, 0.05),1
2025-01-06 17:05:42,12.84,True,(-6.35, 0.05, 1.58),Yellow,(0.05, 0.05, 0.05),1
2025-01-06 17:05:42,12.85,True,(-6.33, 0.05, 1.59),Yellow,(0.05, 0.05, 0.05),1
2025-01-06 17:05:42,12.87,True,(-6.37, 0.05, 1.59),Yellow,(0.05, 0.05, 0.05),1
2025-01-06 17:05:42,12.88,True,(-6.35, 0.05, 1.61),Yellow,(0.05, 0.05, 0.05),1
2025-01-06 17:05:42,12.90,True,(-6.39, 0.05, 1.64),Yellow,(0.05, 0.05, 0.05),1
2025-01-06 17:05:42,12.91,True,(-6.37, 0.05, 1.66),Yellow,(0.05, 0.05, 0.05),1
2025-01-06 17:05:42,12.92,True,(-6.36, 0.05, 1.68),Yellow,(0.05, 0.05, 0.05),1
2025-01-06 17:05:42,12.94,True,(-6.39, 0.05, 1.66),Yellow,(0.05, 0.05, 0.05),1
2025-01-06 17:05:42,12.95,True,(-6.38, 0.05, 1.68),Yellow,(0.05, 0.05, 0.05),1
2025-01-06 17:05:42,12.96,True,(-6.37, 0.05, 1.71),Yellow,(0.05, 0.05, 0.05),1
2025-01-06 17:05:42,12.98,True,(-6.36, 0.05, 1.74),Yellow,(0.05, 0.05, 0.05),1
2025-01-06 17:05:42,12.99,True,(-6.35, 0.05, 1.77),Yellow,(0.05, 0.05, 0.05),1
2025-01-06 17:05:42,13.01,True,(-6.42, 0.05, 1.98),Yellow,(0.05, 0.05, 0.05),1
2025-01-06 17:05:42,13.02,True,(-6.40, 0.05, 2.01),Yellow,(0.05, 0.05, 0.05),1
2025-01-06 17:05:42,13.03,True,(-6.42, 0.29, 2.42),Yellow,(0.05, 0.05, 0.05),1
2025-01-06 17:05:42,13.05,True,(-6.38, 0.32, 2.42),Yellow,(0.05, 0.05, 0.05),1
2025-01-06 17:05:42,13.06,True,(-6.29, 0.62, 2.42),Yellow,(0.05, 0.05, 0.05),1
2025-01-06 17:05:42,13.08,True,(-6.25, 0.64, 2.42),Yellow,(0.05, 0.05, 0.05),1
2025-01-06 17:05:42,13.09,True,(-6.21, 0.66, 2.42),Yellow,(0.05, 0.05, 0.05),1
2025-01-06 17:05:42,13.10,True,(-6.00, 0.75, 2.23),Yellow,(0.05, 0.05, 0.05),1
2025-01-06 17:05:42,13.12,True,(-5.97, 0.76, 2.23),Yellow,(0.05, 0.05, 0.05),1
2025-01-06 17:05:42,13.13,True,(-5.94, 0.75, 2.23),Yellow,(0.05, 0.05, 0.05),1
2025-01-06 17:05:42,13.15,True,(-5.92, 0.76, 2.23),Yellow,(0.05, 0.05, 0.05),1
2025-01-06 17:05:42,13.16,True,(-5.92, 0.76, 2.30),Yellow,(0.05, 0.05, 0.05),1
2025-01-06 17:05:42,13.17,True,(-5.92, 0.78, 2.25),Yellow,(0.05, 0.05, 0.05),1
2025-01-06 17:05:42,13.19,True,(-5.92, 0.77, 2.32),Yellow,(0.05, 0.05, 0.05),1
2025-01-06 17:05:42,13.20,True,(-5.93, 0.79, 2.23),Yellow,(0.05, 0.05, 0.05),1
2025-01-06 17:05:42,13.22,True,(-5.92, 0.79, 2.26),Yellow,(0.05, 0.05, 0.05),1
2025-01-06 17:05:42,13.23,True,(-5.94, 0.79, 2.23),Yellow,(0.05, 0.05, 0.05),1
2025-01-06 17:05:42,13.24,True,(-5.92, 0.80, 2.24),Yellow,(0.05, 0.05, 0.05),1
2025-01-06 17:05:42,13.26,True,(-5.92, 0.80, 2.32),Yellow,(0.05, 0.05, 0.05),1
2025-01-06 17:05:42,13.27,True,(-5.92, 0.79, 2.23),Yellow,(0.05, 0.05, 0.05),1
2025-01-06 17:05:42,13.28,True,(-5.92, 0.79, 2.31),Yellow,(0.05, 0.05, 0.05),1
2025-01-06 17:05:42,13.30,True,(-5.92, 0.78, 2.42),Yellow,(0.05, 0.05, 0.05),1
2025-01-06 17:05:42,13.31,True,(-5.88, 0.80, 2.42),Yellow,(0.05, 0.05, 0.05),1
2025-01-06 17:05:42,13.33,True,(-5.81, 0.83, 2.42),Yellow,(0.05, 0.05, 0.05),1
2025-01-06 17:05:42,13.34,True,(-5.78, 0.85, 2.42),Yellow,(0.05, 0.05, 0.05),1
2025-01-06 17:05:42,13.35,True,(-5.75, 0.87, 2.42),Yellow,(0.05, 0.05, 0.05),1
2025-01-06 17:05:42,13.37,True,(-5.43, 0.95, 2.27),Yellow,(0.05, 0.05, 0.05),1
2025-01-06 17:05:42,13.38,True,(-5.40, 0.97, 2.27),Yellow,(0.05, 0.05, 0.05),1
2025-01-06 17:05:42,13.40,True,(-5.27, 0.96, 2.42),Yellow,(0.05, 0.05, 0.05),1
2025-01-06 17:05:42,13.41,True,(-5.25, 0.98, 2.42),Yellow,(0.05, 0.05, 0.05),1
2025-01-06 17:05:42,13.42,True,(-5.23, 1.00, 2.42),Yellow,(0.05, 0.05, 0.05),1
2025-01-06 17:05:42,13.44,True,(-5.20, 0.97, 2.42),Yellow,(0.05, 0.05, 0.05),1
2025-01-06 17:05:42,13.45,True,(-5.18, 0.99, 2.42),Yellow,(0.05, 0.05, 0.05),1
2025-01-06 17:05:42,13.47,True,(-5.23, 0.95, 2.42),Yellow,(0.05, 0.05, 0.05),1
2025-01-06 17:05:42,13.48,True,(-5.21, 0.96, 2.42),Yellow,(0.05, 0.05, 0.05),1
2025-01-06 17:05:42,13.49,True,(-5.19, 0.98, 2.42),Yellow,(0.05, 0.05, 0.05),1
2025-01-06 17:05:42,13.51,True,(-5.23, 0.97, 2.42),Yellow,(0.05, 0.05, 0.05),1
2025-01-06 17:05:42,13.52,True,(-5.21, 0.99, 2.42),Yellow,(0.05, 0.05, 0.05),1
2025-01-06 17:05:42,13.54,True,(-5.26, 0.97, 2.42),Yellow,(0.05, 0.05, 0.05),1
2025-01-06 17:05:42,13.55,True,(-5.24, 0.99, 2.42),Yellow,(0.05, 0.05, 0.05),1
2025-01-06 17:05:42,13.56,True,(-5.28, 0.97, 2.42),Yellow,(0.05, 0.05, 0.05),1
2025-01-06 17:05:42,13.58,True,(-5.26, 0.99, 2.42),Yellow,(0.05, 0.05, 0.05),1
2025-01-06 17:05:42,13.59,True,(-5.25, 1.00, 2.42),Yellow,(0.05, 0.05, 0.05),1
2025-01-06 17:05:42,13.60,True,(-5.27, 0.96, 2.42),Yellow,(0.05, 0.05, 0.05),1
2025-01-06 17:05:42,13.62,True,(-5.26, 0.97, 2.42),Yellow,(0.05, 0.05, 0.05),1
2025-01-06 17:05:43,13.63,True,(-5.31, 0.94, 2.42),Yellow,(0.05, 0.05, 0.05),1
2025-01-06 17:05:43,13.65,True,(-5.29, 0.95, 2.42),Yellow,(0.05, 0.05, 0.05),1
2025-01-06 17:05:43,13.66,True,(-5.27, 0.96, 2.42),Yellow,(0.05, 0.05, 0.05),1
2025-01-06 17:05:43,13.67,True,(-5.32, 0.93, 2.42),Yellow,(0.05, 0.05, 0.05),1
2025-01-06 17:05:43,13.69,True,(-5.30, 0.94, 2.42),Yellow,(0.05, 0.05, 0.05),1
2025-01-06 17:05:43,13.70,True,(-5.33, 0.91, 2.42),Yellow,(0.05, 0.05, 0.05),1
2025-01-06 17:05:43,13.72,True,(-5.31, 0.91, 2.42),Yellow,(0.05, 0.05, 0.05),1
2025-01-06 17:05:43,13.73,True,(-5.34, 0.89, 2.42),Yellow,(0.05, 0.05, 0.05),1
2025-01-06 17:05:43,13.74,True,(-5.32, 0.90, 2.42),Yellow,(0.05, 0.05, 0.05),1
2025-01-06 17:05:43,13.76,True,(-5.31, 0.91, 2.42),Yellow,(0.05, 0.05, 0.05),1
2025-01-06 17:05:43,13.77,True,(-5.29, 0.92, 2.42),Yellow,(0.05, 0.05, 0.05),1
2025-01-06 17:05:43,13.79,True,(-5.28, 0.92, 2.42),Yellow,(0.05, 0.05, 0.05),1
2025-01-06 17:05:43,13.80,True,(-5.17, 1.02, 2.42),Yellow,(0.05, 0.05, 0.05),1
2025-01-06 17:05:43,13.81,True,(-5.15, 1.03, 2.42),Yellow,(0.05, 0.05, 0.05),1
2025-01-06 17:05:43,13.83,True,(-5.14, 1.03, 2.42),Yellow,(0.05, 0.05, 0.05),1
2025-01-06 17:05:43,13.84,True,(-5.05, 1.11, 2.42),Yellow,(0.05, 0.05, 0.05),1
2025-01-06 17:05:43,13.86,True,(-5.04, 1.11, 2.42),Yellow,(0.05, 0.05, 0.05),1
2025-01-06 17:05:43,13.87,True,(-5.03, 1.11, 2.42),Yellow,(0.05, 0.05, 0.05),1
2025-01-06 17:05:43,13.88,True,(-5.01, 1.11, 2.42),Yellow,(0.05, 0.05, 0.05),1
2025-01-06 17:05:43,13.90,True,(-5.04, 1.08, 2.42),Yellow,(0.05, 0.05, 0.05),1
2025-01-06 17:05:43,13.91,True,(-5.03, 1.08, 2.42),Yellow,(0.05, 0.05, 0.05),1
2025-01-06 17:05:43,13.93,True,(-5.02, 1.07, 2.42),Yellow,(0.05, 0.05, 0.05),1
2025-01-06 17:05:43,13.94,True,(-5.02, 1.06, 2.42),Yellow,(0.05, 0.05, 0.05),1
2025-01-06 17:05:43,13.95,True,(-5.01, 1.06, 2.42),Yellow,(0.05, 0.05, 0.05),1
2025-01-06 17:05:43,13.97,True,(-5.03, 1.04, 2.42),Yellow,(0.05, 0.05, 0.05),1
2025-01-06 17:05:43,13.98,True,(-5.01, 1.04, 2.42),Yellow,(0.05, 0.05, 0.05),1
2025-01-06 17:05:43,14.00,True,(-5.00, 1.03, 2.42),Yellow,(0.05, 0.05, 0.05),1
2025-01-06 17:05:43,14.01,True,(-5.01, 1.03, 2.42),Yellow,(0.05, 0.05, 0.05),1
2025-01-06 17:05:43,14.02,True,(-5.00, 1.02, 2.42),Yellow,(0.05, 0.05, 0.05),1
2025-01-06 17:05:43,14.04,True,(-5.01, 1.03, 2.42),Yellow,(0.05, 0.05, 0.05),1
2025-01-06 17:05:43,14.05,True,(-5.00, 1.02, 2.42),Yellow,(0.05, 0.05, 0.05),1
2025-01-06 17:05:43,14.06,True,(-5.02, 1.02, 2.42),Yellow,(0.05, 0.05, 0.05),1
2025-01-06 17:05:43,14.08,True,(-5.01, 1.01, 2.42),Yellow,(0.05, 0.05, 0.05),1
2025-01-06 17:05:43,14.09,True,(-5.01, 1.00, 2.42),Yellow,(0.05, 0.05, 0.05),1
2025-01-06 17:05:43,14.11,True,(-5.03, 1.00, 2.42),Yellow,(0.05, 0.05, 0.05),1
2025-01-06 17:05:43,14.12,True,(-5.03, 0.99, 2.42),Yellow,(0.05, 0.05, 0.05),1
2025-01-06 17:05:43,14.13,True,(-5.05, 1.00, 2.42),Yellow,(0.05, 0.05, 0.05),1
2025-01-06 17:05:43,14.15,True,(-5.05, 0.99, 2.42),Yellow,(0.05, 0.05, 0.05),1
2025-01-06 17:05:43,14.16,True,(-5.06, 1.00, 2.42),Yellow,(0.05, 0.05, 0.05),1
2025-01-06 17:05:43,14.18,True,(-5.07, 0.99, 2.42),Yellow,(0.05, 0.05, 0.05),1
2025-01-06 17:05:43,14.19,True,(-5.07, 0.98, 2.42),Yellow,(0.05, 0.05, 0.05),1
2025-01-06 17:05:43,14.20,True,(-5.09, 1.02, 2.42),Yellow,(0.05, 0.05, 0.05),1
2025-01-06 17:05:43,14.22,True,(-5.10, 1.01, 2.42),Yellow,(0.05, 0.05, 0.05),1
2025-01-06 17:05:43,14.23,True,(-5.11, 1.02, 2.42),Yellow,(0.05, 0.05, 0.05),1
2025-01-06 17:05:43,14.25,True,(-5.11, 1.02, 2.42),Yellow,(0.05, 0.05, 0.05),1
2025-01-06 17:05:43,14.26,True,(-5.12, 1.02, 2.42),Yellow,(0.05, 0.05, 0.05),1
2025-01-06 17:05:43,14.27,True,(-5.14, 1.02, 2.42),Yellow,(0.05, 0.05, 0.05),1
2025-01-06 17:05:43,14.29,True,(-5.15, 1.02, 2.42),Yellow,(0.05, 0.05, 0.05),1
2025-01-06 17:05:43,14.30,True,(-5.33, 1.04, 2.42),Yellow,(0.05, 0.05, 0.05),1
2025-01-06 17:05:43,14.32,True,(-5.35, 1.03, 2.42),Yellow,(0.05, 0.05, 0.05),1
2025-01-06 17:05:43,14.33,True,(-5.35, 1.04, 2.42),Yellow,(0.05, 0.05, 0.05),1
2025-01-06 17:05:43,14.34,True,(-5.54, 1.12, 2.42),Yellow,(0.05, 0.05, 0.05),1
2025-01-06 17:05:43,14.36,True,(-5.54, 1.11, 2.42),Yellow,(0.05, 0.05, 0.05),1
2025-01-06 17:05:43,14.37,True,(-5.56, 1.14, 2.42),Yellow,(0.05, 0.05, 0.05),1
2025-01-06 17:05:43,14.38,True,(-5.56, 1.14, 2.42),Yellow,(0.05, 0.05, 0.05),1
2025-01-06 17:05:43,14.40,True,(-5.54, 1.14, 2.42),Yellow,(0.05, 0.05, 0.05),1
2025-01-06 17:05:43,14.41,True,(-5.55, 1.14, 2.42),Yellow,(0.05, 0.05, 0.05),1
2025-01-06 17:05:43,14.43,True,(-5.57, 1.13, 2.42),Yellow,(0.05, 0.05, 0.05),1
2025-01-06 17:05:43,14.44,True,(-5.53, 1.13, 2.42),Yellow,(0.05, 0.05, 0.05),1
2025-01-06 17:05:43,14.45,True,(-5.54, 1.13, 2.42),Yellow,(0.05, 0.05, 0.05),1
2025-01-06 17:05:43,14.47,True,(-5.53, 1.17, 2.42),Yellow,(0.05, 0.05, 0.05),1
2025-01-06 17:05:43,14.48,True,(-5.53, 1.17, 2.42),Yellow,(0.05, 0.05, 0.05),1
2025-01-06 17:05:43,14.50,True,(-5.54, 1.17, 2.42),Yellow,(0.05, 0.05, 0.05),1
2025-01-06 17:05:43,14.51,True,(-5.54, 1.21, 2.42),Yellow,(0.05, 0.05, 0.05),1
2025-01-06 17:05:43,14.52,True,(-5.54, 1.21, 2.42),Yellow,(0.05, 0.05, 0.05),1
2025-01-06 17:05:43,14.54,True,(-5.55, 1.22, 2.42),Yellow,(0.05, 0.05, 0.05),1
2025-01-06 17:05:43,14.55,True,(-5.56, 1.02, 2.42),Yellow,(0.05, 0.05, 0.05),1
2025-01-06 17:05:43,14.57,True,(-5.56, 1.02, 2.42),Yellow,(0.05, 0.05, 0.05),1
2025-01-06 17:05:43,14.58,True,(-5.55, 1.03, 2.42),Yellow,(0.05, 0.05, 0.05),1
2025-01-06 17:05:43,14.59,True,(-5.56, 0.99, 2.42),Yellow,(0.05, 0.05, 0.05),1
2025-01-06 17:05:43,14.61,True,(-5.57, 0.99, 2.42),Yellow,(0.05, 0.05, 0.05),1
2025-01-06 17:05:43,14.62,True,(-5.57, 0.99, 2.42),Yellow,(0.05, 0.05, 0.05),1
2025-01-06 17:05:44,14.64,True,(-5.57, 0.99, 2.42),Yellow,(0.05, 0.05, 0.05),1
2025-01-06 17:05:44,14.65,True,(-5.58, 0.99, 2.42),Yellow,(0.05, 0.05, 0.05),1
2025-01-06 17:05:44,14.66,True,(-5.58, 0.99, 2.42),Yellow,(0.05, 0.05, 0.05),1
2025-01-06 17:05:44,14.68,True,(-5.58, 0.99, 2.42),Yellow,(0.05, 0.05, 0.05),1
2025-01-06 17:05:44,14.69,True,(-5.57, 0.99, 2.42),Yellow,(0.05, 0.05, 0.05),1
2025-01-06 17:05:44,14.70,True,(-5.58, 0.99, 2.42),Yellow,(0.05, 0.05, 0.05),1
2025-01-06 17:05:44,14.72,True,(-5.57, 0.97, 2.42),Yellow,(0.05, 0.05, 0.05),1
2025-01-06 17:05:44,14.73,True,(-5.58, 0.97, 2.42),Yellow,(0.05, 0.05, 0.05),1
2025-01-06 17:05:44,14.75,True,(-5.58, 0.95, 2.42),Yellow,(0.05, 0.05, 0.05),1
2025-01-06 17:05:44,14.76,True,(-5.59, 0.93, 2.42),Yellow,(0.05, 0.05, 0.05),1
2025-01-06 17:05:44,14.77,True,(-5.59, 0.98, 2.39),Yellow,(0.05, 0.05, 0.05),1
2025-01-06 17:05:44,14.79,True,(-5.58, 0.97, 2.42),Yellow,(0.05, 0.05, 0.05),1
2025-01-06 17:05:44,14.80,True,(-5.58, 0.99, 2.42),Yellow,(0.05, 0.05, 0.05),1
2025-01-06 17:05:44,14.82,True,(-5.59, 1.01, 2.39),Yellow,(0.05, 0.05, 0.05),1
2025-01-06 17:05:44,14.83,True,(-5.59, 1.08, 2.40),Yellow,(0.05, 0.05, 0.05),1
2025-01-06 17:05:44,14.84,True,(-5.59, 1.11, 2.32),Yellow,(0.05, 0.05, 0.05),1
2025-01-06 17:05:44,14.86,True,(-5.60, 1.14, 2.25),Yellow,(0.05, 0.05, 0.05),1
2025-01-06 17:05:44,14.87,True,(-5.65, 1.15, 2.42),Yellow,(0.05, 0.05, 0.05),1
2025-01-06 17:05:44,14.89,True,(-5.62, 1.12, 2.25),Yellow,(0.05, 0.05, 0.05),1
2025-01-06 17:05:44,14.90,True,(-5.63, 1.14, 2.25),Yellow,(0.05, 0.05, 0.05),1
2025-01-06 17:05:44,14.91,True,(-5.69, 1.17, 2.42),Yellow,(0.05, 0.05, 0.05),1
2025-01-06 17:05:44,14.93,True,(-5.65, 1.14, 2.25),Yellow,(0.05, 0.05, 0.05),1
2025-01-06 17:05:44,14.94,True,(-5.72, 1.16, 2.42),Yellow,(0.05, 0.05, 0.05),1
2025-01-06 17:05:44,14.96,True,(-5.71, 1.19, 2.42),Yellow,(0.05, 0.05, 0.05),1
2025-01-06 17:05:44,14.97,True,(-5.73, 1.23, 2.42),Yellow,(0.05, 0.05, 0.05),1
2025-01-06 17:05:44,14.98,True,(-5.75, 1.26, 2.42),Yellow,(0.05, 0.05, 0.05),1
2025-01-06 17:05:44,15.00,True,(-5.69, 1.57, 2.38),Yellow,(0.05, 0.05, 0.05),1
2025-01-06 17:05:44,15.01,True,(-5.69, 1.58, 2.31),Yellow,(0.05, 0.05, 0.05),1
2025-01-06 17:05:44,15.03,True,(-5.58, 1.75, 2.24),Yellow,(0.05, 0.05, 0.05),1
2025-01-06 17:05:44,15.04,True,(-5.60, 1.78, 2.26),Yellow,(0.05, 0.05, 0.05),1
2025-01-06 17:05:44,15.05,True,(-5.62, 1.82, 2.26),Yellow,(0.05, 0.05, 0.05),1
2025-01-06 17:05:44,15.07,True,(-5.63, 1.85, 2.26),Yellow,(0.05, 0.05, 0.05),1
2025-01-06 17:05:44,15.08,True,(-5.64, 1.88, 2.26),Yellow,(0.05, 0.05, 0.05),1
2025-01-06 17:05:44,15.09,True,(-5.75, 1.98, 2.42),Yellow,(0.05, 0.05, 0.05),1
2025-01-06 17:05:44,15.11,True,(-5.77, 2.01, 2.42),Yellow,(0.05, 0.05, 0.05),1
2025-01-06 17:05:44,15.12,True,(-5.80, 2.13, 2.42),Yellow,(0.05, 0.05, 0.05),1
2025-01-06 17:05:44,15.14,True,(-5.82, 2.17, 2.42),Yellow,(0.05, 0.05, 0.05),1
2025-01-06 17:05:44,15.15,True,(-5.82, 2.19, 2.42),Yellow,(0.05, 0.05, 0.05),1
2025-01-06 17:05:44,15.16,True,(-5.84, 2.30, 2.42),Yellow,(0.05, 0.05, 0.05),1
2025-01-06 17:05:44,15.18,True,(-5.86, 2.33, 2.42),Yellow,(0.05, 0.05, 0.05),1
2025-01-06 17:05:44,15.19,True,(-5.90, 2.44, 2.42),Yellow,(0.05, 0.05, 0.05),1
2025-01-06 17:05:44,15.21,True,(-5.92, 2.48, 2.42),Yellow,(0.05, 0.05, 0.05),1
2025-01-06 17:05:44,15.22,True,(-5.95, 2.52, 2.42),Yellow,(0.05, 0.05, 0.05),1
2025-01-06 17:05:44,15.23,True,(-5.96, 2.54, 2.42),Yellow,(0.05, 0.05, 0.05),1
2025-01-06 17:05:44,15.25,True,(-5.99, 2.57, 2.42),Yellow,(0.05, 0.05, 0.05),1
2025-01-06 17:05:44,15.26,True,(-6.01, 2.60, 2.42),Yellow,(0.05, 0.05, 0.05),1
2025-01-06 17:05:44,15.28,True,(-6.02, 2.62, 2.42),Yellow,(0.05, 0.05, 0.05),1
2025-01-06 17:05:44,15.29,True,(-6.01, 2.60, 2.42),Yellow,(0.05, 0.05, 0.05),1
2025-01-06 17:05:44,15.30,True,(-6.03, 2.62, 2.42),Yellow,(0.05, 0.05, 0.05),1
2025-01-06 17:05:44,15.32,True,(-6.05, 2.65, 2.42),Yellow,(0.05, 0.05, 0.05),1
2025-01-06 17:05:44,15.33,True,(-6.08, 2.67, 2.42),Yellow,(0.05, 0.05, 0.05),1
2025-01-06 17:05:44,15.35,True,(-6.10, 2.69, 2.42),Yellow,(0.05, 0.05, 0.05),1
2025-01-06 17:05:44,15.36,True,(-6.10, 2.70, 2.42),Yellow,(0.05, 0.05, 0.05),1
2025-01-06 17:05:44,15.37,True,(-6.11, 2.69, 2.42),Yellow,(0.05, 0.05, 0.05),1
2025-01-06 17:05:44,15.39,True,(-6.14, 2.66, 2.42),Yellow,(0.05, 0.05, 0.05),1
2025-01-06 17:05:44,15.40,True,(-6.14, 2.65, 2.42),Yellow,(0.05, 0.05, 0.05),1
2025-01-06 17:05:44,15.42,True,(-6.17, 2.68, 2.42),Yellow,(0.05, 0.05, 0.05),1
2025-01-06 17:05:44,15.43,True,(-6.07, 2.53, 2.42),Yellow,(0.05, 0.05, 0.05),1
2025-01-06 17:05:44,15.44,True,(-6.09, 2.53, 2.42),Yellow,(0.05, 0.05, 0.05),1
2025-01-06 17:05:44,15.46,True,(-6.25, 2.66, 2.42),Yellow,(0.05, 0.05, 0.05),1
2025-01-06 17:05:44,15.47,True,(-6.27, 2.66, 2.42),Yellow,(0.05, 0.05, 0.05),1
2025-01-06 17:05:44,15.48,True,(-6.30, 2.67, 2.42),Yellow,(0.05, 0.05, 0.05),1
2025-01-06 17:05:44,15.50,True,(-6.18, 2.60, 2.42),Yellow,(0.05, 0.05, 0.05),1
2025-01-06 17:05:44,15.51,True,(-6.20, 2.60, 2.42),Yellow,(0.05, 0.05, 0.05),1
2025-01-06 17:05:44,15.53,True,(-6.37, 2.71, 2.42),Yellow,(0.05, 0.05, 0.05),1
2025-01-06 17:05:44,15.54,True,(-6.40, 2.74, 2.42),Yellow,(0.05, 0.05, 0.05),1
2025-01-06 17:05:44,15.55,True,(-6.29, 2.68, 2.42),Yellow,(0.05, 0.05, 0.05),1
2025-01-06 17:05:44,15.57,True,(-6.31, 2.71, 2.42),Yellow,(0.05, 0.05, 0.05),1
2025-01-06 17:05:44,15.58,True,(-6.32, 2.73, 2.42),Yellow,(0.05, 0.05, 0.05),1
2025-01-06 17:05:44,15.60,True,(-6.33, 2.75, 2.42),Yellow,(0.05, 0.05, 0.05),1
2025-01-06 17:05:44,15.61,True,(-6.34, 2.78, 2.42),Yellow,(0.05, 0.05, 0.05),1
2025-01-06 17:05:44,15.62,True,(-6.35, 2.79, 2.42),Yellow,(0.05, 0.05, 0.05),1
2025-01-06 17:05:45,15.64,True,(-6.37, 2.81, 2.42),Yellow,(0.05, 0.05, 0.05),1
2025-01-06 17:05:45,15.65,True,(-6.35, 2.79, 2.42),Yellow,(0.05, 0.05, 0.05),1
2025-01-06 17:05:45,15.67,True,(-6.36, 2.81, 2.42),Yellow,(0.05, 0.05, 0.05),1
2025-01-06 17:05:45,15.68,True,(-6.37, 2.83, 2.42),Yellow,(0.05, 0.05, 0.05),1
2025-01-06 17:05:45,15.69,True,(-6.46, 2.87, 2.42),Yellow,(0.05, 0.05, 0.05),1
2025-01-06 17:05:45,15.71,True,(-6.47, 2.89, 2.42),Yellow,(0.05, 0.05, 0.05),1
2025-01-06 17:05:45,15.72,True,(-6.43, 2.89, 2.42),Yellow,(0.05, 0.05, 0.05),1
2025-01-06 17:05:45,15.74,True,(-6.44, 2.91, 2.42),Yellow,(0.05, 0.05, 0.05),1
2025-01-06 17:05:45,15.75,True,(-6.46, 2.93, 2.42),Yellow,(0.05, 0.05, 0.05),1
2025-01-06 17:05:45,15.76,True,(-6.54, 3.00, 2.42),Yellow,(0.05, 0.05, 0.05),1
2025-01-06 17:05:45,15.78,True,(-6.55, 3.01, 2.42),Yellow,(0.05, 0.05, 0.05),1
2025-01-06 17:05:45,15.79,True,(-6.51, 2.96, 2.42),Yellow,(0.05, 0.05, 0.05),1
2025-01-06 17:05:45,15.81,True,(-6.52, 2.97, 2.42),Yellow,(0.05, 0.05, 0.05),1
2025-01-06 17:05:45,15.82,True,(-6.54, 2.98, 2.42),Yellow,(0.05, 0.05, 0.05),1
2025-01-06 17:05:45,15.83,True,(-6.55, 3.00, 2.42),Yellow,(0.05, 0.05, 0.05),1
2025-01-06 17:05:45,15.85,True,(-6.56, 3.02, 2.42),Yellow,(0.05, 0.05, 0.05),1
2025-01-06 17:05:45,15.86,True,(-6.55, 3.02, 2.42),Yellow,(0.05, 0.05, 0.05),1
2025-01-06 17:05:45,15.87,True,(-6.56, 3.04, 2.42),Yellow,(0.05, 0.05, 0.05),1
2025-01-06 17:05:45,15.87,False,None,Yellow,(0.05, 0.05, 0.05),1
2025-01-06 17:05:45,15.87,False,None,Yellow,(0.05, 0.05, 0.05),1
2025-01-06 17:05:45,15.87,False,None,Yellow,(0.05, 0.05, 0.05),1
2025-01-06 17:05:45,15.87,False,None,Yellow,(0.05, 0.05, 0.05),1
2025-01-06 17:05:45,15.87,False,None,Yellow,(0.05, 0.05, 0.05),1
2025-01-06 17:05:45,15.87,False,None,Yellow,(0.05, 0.05, 0.05),1
2025-01-06 17:05:45,15.87,False,None,Yellow,(0.05, 0.05, 0.05),1
2025-01-06 17:05:45,15.87,False,None,Yellow,(0.05, 0.05, 0.05),1
2025-01-06 17:05:45,15.87,False,None,Yellow,(0.05, 0.05, 0.05),1
2025-01-06 17:05:45,15.87,False,None,Yellow,(0.05, 0.05, 0.05),1
2025-01-06 17:05:45,15.87,False,None,Yellow,(0.05, 0.05, 0.05),1
2025-01-06 17:05:45,15.87,False,None,Yellow,(0.05, 0.05, 0.05),1
2025-01-06 17:05:45,15.87,False,None,Yellow,(0.05, 0.05, 0.05),1
2025-01-06 17:05:45,15.87,False,None,Yellow,(0.05, 0.05, 0.05),1
2025-01-06 17:05:45,15.87,False,None,Yellow,(0.05, 0.05, 0.05),1
2025-01-06 17:05:45,15.87,False,None,Yellow,(0.05, 0.05, 0.05),1
2025-01-06 17:05:45,15.87,False,None,Yellow,(0.05, 0.05, 0.05),1
2025-01-06 17:05:45,15.87,False,None,Yellow,(0.05, 0.05, 0.05),1
2025-01-06 17:05:45,15.87,False,None,Yellow,(0.05, 0.05, 0.05),1
2025-01-06 17:05:45,15.87,False,None,Yellow,(0.05, 0.05, 0.05),1
2025-01-06 17:05:45,15.87,False,None,Yellow,(0.05, 0.05, 0.05),1
2025-01-06 17:05:45,15.87,False,None,Yellow,(0.05, 0.05, 0.05),1
2025-01-06 17:05:45,15.87,False,None,Yellow,(0.05, 0.05, 0.05),1
2025-01-06 17:05:45,15.87,False,None,Yellow,(0.05, 0.05, 0.05),1
2025-01-06 17:05:45,15.87,False,None,Yellow,(0.05, 0.05, 0.05),1
2025-01-06 17:05:45,15.87,False,None,Yellow,(0.05, 0.05, 0.05),1
2025-01-06 17:05:45,15.87,False,None,Yellow,(0.05, 0.05, 0.05),1
2025-01-06 17:05:45,15.87,False,None,Yellow,(0.05, 0.05, 0.05),1
2025-01-06 17:05:45,15.87,False,None,Yellow,(0.05, 0.05, 0.05),1
2025-01-06 17:05:45,15.87,False,None,Yellow,(0.05, 0.05, 0.05),1
2025-01-06 17:05:45,15.87,False,None,Yellow,(0.05, 0.05, 0.05),1
2025-01-06 17:05:45,15.87,False,None,Yellow,(0.05, 0.05, 0.05),1
2025-01-06 17:05:45,15.87,False,None,Yellow,(0.05, 0.05, 0.05),1
2025-01-06 17:05:45,15.87,False,None,Yellow,(0.05, 0.05, 0.05),1
2025-01-06 17:05:45,15.87,False,None,Yellow,(0.05, 0.05, 0.05),1
2025-01-06 17:05:45,15.87,False,None,Yellow,(0.05, 0.05, 0.05),1
2025-01-06 17:05:45,15.87,False,None,Yellow,(0.05, 0.05, 0.05),1
2025-01-06 17:05:45,15.87,False,None,Yellow,(0.05, 0.05, 0.05),1
2025-01-06 17:05:45,15.87,False,None,Yellow,(0.05, 0.05, 0.05),1
2025-01-06 17:05:45,15.87,False,None,Yellow,(0.05, 0.05, 0.05),1
2025-01-06 17:05:45,15.87,False,None,Yellow,(0.05, 0.05, 0.05),1
2025-01-06 17:05:45,15.87,False,None,Yellow,(0.05, 0.05, 0.05),1
2025-01-06 17:05:45,15.87,False,None,Yellow,(0.05, 0.05, 0.05),1
2025-01-06 17:05:45,15.87,False,None,Yellow,(0.05, 0.05, 0.05),1
2025-01-06 17:05:45,15.87,False,None,Yellow,(0.05, 0.05, 0.05),1
2025-01-06 17:05:45,15.87,False,None,Yellow,(0.05, 0.05, 0.05),1
2025-01-06 17:05:45,15.87,False,None,Yellow,(0.05, 0.05, 0.05),1
2025-01-06 17:05:45,15.87,False,None,Yellow,(0.05, 0.05, 0.05),1
2025-01-06 17:05:45,15.87,False,None,Yellow,(0.05, 0.05, 0.05),1
2025-01-06 17:05:45,15.87,False,None,Yellow,(0.05, 0.05, 0.05),1
2025-01-06 17:05:45,15.87,False,None,Yellow,(0.05, 0.05, 0.05),1
2025-01-06 17:05:45,15.87,False,None,Yellow,(0.05, 0.05, 0.05),1
2025-01-06 17:05:45,15.87,False,None,Yellow,(0.05, 0.05, 0.05),1
2025-01-06 17:05:45,15.87,False,None,Yellow,(0.05, 0.05, 0.05),1
2025-01-06 17:05:46,15.87,False,None,Yellow,(0.05, 0.05, 0.05),1
2025-01-06 17:05:46,15.87,False,None,Yellow,(0.05, 0.05, 0.05),1
2025-01-06 17:05:46,15.87,False,None,Yellow,(0.05, 0.05, 0.05),1
2025-01-06 17:05:46,15.87,False,None,Yellow,(0.05, 0.05, 0.05),1
2025-01-06 17:05:46,15.87,False,None,Yellow,(0.05, 0.05, 0.05),1
2025-01-06 17:05:46,15.87,False,None,Yellow,(0.05, 0.05, 0.05),1
2025-01-06 17:05:46,15.87,False,None,Yellow,(0.05, 0.05, 0.05),1
2025-01-06 17:05:46,15.87,False,None,Yellow,(0.05, 0.05, 0.05),1
2025-01-06 17:05:46,15.87,False,None,Yellow,(0.05, 0.05, 0.05),1
2025-01-06 17:05:46,15.87,False,None,Yellow,(0.05, 0.05, 0.05),1
2025-01-06 17:05:46,15.87,False,None,Yellow,(0.05, 0.05, 0.05),1
2025-01-06 17:05:46,15.87,False,None,Yellow,(0.05, 0.05, 0.05),1
2025-01-06 17:05:46,15.87,False,None,Yellow,(0.05, 0.05, 0.05),1
2025-01-06 17:05:46,15.87,False,None,Yellow,(0.05, 0.05, 0.05),1
2025-01-06 17:05:46,15.87,False,None,Yellow,(0.05, 0.05, 0.05),1
2025-01-06 17:05:46,15.87,False,None,Yellow,(0.05, 0.05, 0.05),1
2025-01-06 17:05:46,15.87,False,None,Yellow,(0.05, 0.05, 0.05),1
2025-01-06 17:05:46,15.87,False,None,Yellow,(0.05, 0.05, 0.05),1
2025-01-06 17:05:46,15.87,False,None,Yellow,(0.05, 0.05, 0.05),1
2025-01-06 17:05:46,15.87,False,None,Yellow,(0.05, 0.05, 0.05),1
2025-01-06 17:05:46,15.89,True,(-5.84, 3.03, 2.42),Yellow,(0.05, 0.05, 0.05),2
2025-01-06 17:05:46,15.90,True,(-5.84, 2.96, 2.42),Yellow,(0.05, 0.05, 0.05),2
2025-01-06 17:05:46,15.92,True,(-5.83, 2.95, 2.42),Yellow,(0.05, 0.05, 0.05),2
2025-01-06 17:05:46,15.93,True,(-5.82, 2.94, 2.42),Yellow,(0.05, 0.05, 0.05),2
2025-01-06 17:05:46,15.94,True,(-5.81, 2.93, 2.42),Yellow,(0.05, 0.05, 0.05),2
2025-01-06 17:05:46,15.96,True,(-5.81, 2.92, 2.42),Yellow,(0.05, 0.05, 0.05),2
2025-01-06 17:05:46,15.97,True,(-5.81, 2.93, 2.42),Yellow,(0.05, 0.05, 0.05),2
2025-01-06 17:05:46,15.99,True,(-5.80, 2.92, 2.42),Yellow,(0.05, 0.05, 0.05),2
2025-01-06 17:05:46,16.00,True,(-5.77, 2.90, 2.42),Yellow,(0.05, 0.05, 0.05),2
2025-01-06 17:05:46,16.01,True,(-5.77, 2.89, 2.42),Yellow,(0.05, 0.05, 0.05),2
2025-01-06 17:05:46,16.03,True,(-5.77, 2.88, 2.42),Yellow,(0.05, 0.05, 0.05),2
2025-01-06 17:05:46,16.04,True,(-5.77, 2.87, 2.42),Yellow,(0.05, 0.05, 0.05),2
2025-01-06 17:05:46,16.06,True,(-5.77, 2.85, 2.42),Yellow,(0.05, 0.05, 0.05),2
2025-01-06 17:05:46,16.07,True,(-5.83, 2.84, 2.42),Yellow,(0.05, 0.05, 0.05),2
2025-01-06 17:05:46,16.08,True,(-5.83, 2.82, 2.42),Yellow,(0.05, 0.05, 0.05),2
2025-01-06 17:05:46,16.10,True,(-5.86, 2.87, 2.42),Yellow,(0.05, 0.05, 0.05),2
2025-01-06 17:05:46,16.11,True,(-5.86, 2.85, 2.42),Yellow,(0.05, 0.05, 0.05),2
2025-01-06 17:05:46,16.13,True,(-5.85, 2.83, 2.42),Yellow,(0.05, 0.05, 0.05),2
2025-01-06 17:05:46,16.14,True,(-5.85, 2.78, 2.42),Yellow,(0.05, 0.05, 0.05),2
2025-01-06 17:05:46,16.15,True,(-5.84, 2.75, 2.42),Yellow,(0.05, 0.05, 0.05),2
2025-01-06 17:05:46,16.17,True,(-5.86, 2.75, 2.42),Yellow,(0.05, 0.05, 0.05),2
2025-01-06 17:05:46,16.18,True,(-5.86, 2.72, 2.42),Yellow,(0.05, 0.05, 0.05),2
2025-01-06 17:05:46,16.20,True,(-5.85, 2.67, 2.42),Yellow,(0.05, 0.05, 0.05),2
2025-01-06 17:05:46,16.21,True,(-5.85, 2.65, 2.42),Yellow,(0.05, 0.05, 0.05),2
2025-01-06 17:05:46,16.22,True,(-5.86, 2.63, 2.42),Yellow,(0.05, 0.05, 0.05),2
2025-01-06 17:05:46,16.24,True,(-5.87, 2.63, 2.42),Yellow,(0.05, 0.05, 0.05),2
2025-01-06 17:05:46,16.25,True,(-5.87, 2.62, 2.42),Yellow,(0.05, 0.05, 0.05),2
2025-01-06 17:05:46,16.26,True,(-5.85, 2.57, 2.42),Yellow,(0.05, 0.05, 0.05),2
2025-01-06 17:05:46,16.28,True,(-5.85, 2.56, 2.42),Yellow,(0.05, 0.05, 0.05),2
2025-01-06 17:05:46,16.29,True,(-5.86, 2.55, 2.42),Yellow,(0.05, 0.05, 0.05),2
2025-01-06 17:05:46,16.31,True,(-5.85, 2.55, 2.42),Yellow,(0.05, 0.05, 0.05),2
2025-01-06 17:05:46,16.32,True,(-5.85, 2.54, 2.42),Yellow,(0.05, 0.05, 0.05),2
2025-01-06 17:05:46,16.33,True,(-5.86, 2.52, 2.42),Yellow,(0.05, 0.05, 0.05),2
2025-01-06 17:05:46,16.35,True,(-5.86, 2.53, 2.42),Yellow,(0.05, 0.05, 0.05),2
2025-01-06 17:05:46,16.36,True,(-5.73, 2.49, 2.42),Yellow,(0.05, 0.05, 0.05),2
2025-01-06 17:05:46,16.38,True,(-5.74, 2.49, 2.42),Yellow,(0.05, 0.05, 0.05),2
2025-01-06 17:05:46,16.39,True,(-5.74, 2.50, 2.42),Yellow,(0.05, 0.05, 0.05),2
2025-01-06 17:05:46,16.40,True,(-5.74, 2.45, 2.42),Yellow,(0.05, 0.05, 0.05),2
2025-01-06 17:05:46,16.42,True,(-5.74, 2.45, 2.42),Yellow,(0.05, 0.05, 0.05),2
2025-01-06 17:05:46,16.44,True,(-5.74, 2.46, 2.42),Yellow,(0.05, 0.05, 0.05),2
2025-01-06 17:05:46,16.45,True,(-5.75, 2.47, 2.42),Yellow,(0.05, 0.05, 0.05),2
2025-01-06 17:05:46,16.46,True,(-5.75, 2.49, 2.42),Yellow,(0.05, 0.05, 0.05),2
2025-01-06 17:05:46,16.47,True,(-5.84, 2.62, 2.42),Yellow,(0.05, 0.05, 0.05),2
2025-01-06 17:05:46,16.49,True,(-5.85, 2.63, 2.42),Yellow,(0.05, 0.05, 0.05),2
2025-01-06 17:05:46,16.57,True,(-5.85, 2.64, 2.42),Yellow,(0.05, 0.05, 0.05),2
